line_id,request_id,item_id,quantity,notes
LIN-00001,REQ-00001,ITM-0072,5,
LIN-00002,REQ-00001,ITM-0002,1,Extra portion
LIN-00003,REQ-00002,ITM-0064,3,
LIN-00004,REQ-00002,ITM-0104,2,
LIN-00005,REQ-00003,ITM-0033,3,Extra portion
LIN-00006,REQ-00004,ITM-0088,3,
LIN-00007,REQ-00004,ITM-0116,5,Per client request
LIN-00008,REQ-00004,ITM-0093,1,
LIN-00009,REQ-00004,ITM-0116,1,
LIN-00010,REQ-00005,ITM-0139,2,
LIN-00011,REQ-00005,ITM-0065,5,Extra portion
LIN-00012,REQ-00005,ITM-0046,5,Substitute if unavailable
LIN-00013,REQ-00005,ITM-0055,5,
LIN-00014,REQ-00006,ITM-0016,4,
LIN-00015,REQ-00006,ITM-0007,3,
LIN-00016,REQ-00006,ITM-0006,1,Per client request
LIN-00017,REQ-00006,ITM-0014,2,
LIN-00018,REQ-00007,ITM-0050,5,Extra portion
LIN-00019,REQ-00007,ITM-0110,2,Frozen preferred
LIN-00020,REQ-00007,ITM-0132,3,Substitute if unavailable
LIN-00021,REQ-00008,ITM-0075,3,
LIN-00022,REQ-00008,ITM-0079,2,
LIN-00023,REQ-00009,ITM-0018,3,
LIN-00024,REQ-00010,ITM-0015,3,Frozen preferred
LIN-00025,REQ-00010,ITM-0107,5,Frozen preferred
LIN-00026,REQ-00010,ITM-0024,2,
LIN-00027,REQ-00011,ITM-0072,3,Frozen preferred
LIN-00028,REQ-00011,ITM-0103,3,Substitute if unavailable
LIN-00029,REQ-00012,ITM-0110,5,
LIN-00030,REQ-00012,ITM-0108,5,Frozen preferred
LIN-00031,REQ-00012,ITM-0081,5,Extra portion
LIN-00032,REQ-00012,ITM-0114,4,Substitute if unavailable
LIN-00033,REQ-00013,ITM-0130,5,Extra portion
LIN-00034,REQ-00014,ITM-0119,2,Per client request
LIN-00035,REQ-00014,ITM-0077,2,
LIN-00036,REQ-00016,ITM-0005,4,
LIN-00037,REQ-00016,ITM-0022,1,Extra portion
LIN-00038,REQ-00016,ITM-0003,2,Substitute if unavailable
LIN-00039,REQ-00017,ITM-0078,2,Per client request
LIN-00040,REQ-00017,ITM-0042,3,Extra portion
LIN-00041,REQ-00017,ITM-0081,1,Extra portion
LIN-00042,REQ-00018,ITM-0024,3,
LIN-00043,REQ-00018,ITM-0115,3,
LIN-00044,REQ-00018,ITM-0110,3,
LIN-00045,REQ-00019,ITM-0138,2,Extra portion
LIN-00046,REQ-00019,ITM-0130,3,
LIN-00047,REQ-00019,ITM-0106,5,Substitute if unavailable
LIN-00048,REQ-00019,ITM-0123,4,
LIN-00049,REQ-00020,ITM-0109,1,
LIN-00050,REQ-00021,ITM-0043,3,Frozen preferred
LIN-00051,REQ-00021,ITM-0113,2,Extra portion
LIN-00052,REQ-00021,ITM-0094,3,Per client request
LIN-00053,REQ-00022,ITM-0086,4,Per client request
LIN-00054,REQ-00022,ITM-0041,1,
LIN-00055,REQ-00023,ITM-0041,3,Substitute if unavailable
LIN-00056,REQ-00023,ITM-0100,5,Substitute if unavailable
LIN-00057,REQ-00025,ITM-0098,5,Per client request
LIN-00058,REQ-00026,ITM-0130,2,Extra portion
LIN-00059,REQ-00027,ITM-0029,3,Frozen preferred
LIN-00060,REQ-00027,ITM-0039,3,Substitute if unavailable
LIN-00061,REQ-00027,ITM-0099,3,
LIN-00062,REQ-00028,ITM-0077,1,Extra portion
LIN-00063,REQ-00028,ITM-0073,4,
LIN-00064,REQ-00028,ITM-0075,2,Extra portion
LIN-00065,REQ-00029,ITM-0056,2,Extra portion
LIN-00066,REQ-00029,ITM-0146,1,
LIN-00067,REQ-00029,ITM-0141,2,
LIN-00068,REQ-00030,ITM-0050,1,Substitute if unavailable
LIN-00069,REQ-00030,ITM-0112,2,
LIN-00070,REQ-00030,ITM-0073,5,Extra portion
LIN-00071,REQ-00030,ITM-0046,3,Substitute if unavailable
LIN-00072,REQ-00031,ITM-0146,5,Extra portion
LIN-00073,REQ-00031,ITM-0053,5,
LIN-00074,REQ-00031,ITM-0140,4,Substitute if unavailable
LIN-00075,REQ-00032,ITM-0017,4,
LIN-00076,REQ-00032,ITM-0056,3,Per client request
LIN-00077,REQ-00032,ITM-0065,4,
LIN-00078,REQ-00032,ITM-0023,4,Substitute if unavailable
LIN-00079,REQ-00033,ITM-0146,1,Extra portion
LIN-00080,REQ-00034,ITM-0065,4,Frozen preferred
LIN-00081,REQ-00034,ITM-0150,2,
LIN-00082,REQ-00034,ITM-0117,5,Per client request
LIN-00083,REQ-00035,ITM-0019,3,DATA_QUALITY_ISSUE: allergen conflict
LIN-00084,REQ-00035,ITM-0076,3,Frozen preferred
LIN-00085,REQ-00035,ITM-0030,5,Substitute if unavailable
LIN-00086,REQ-00035,ITM-0104,3,
LIN-00087,REQ-00035,ITM-0019,2,Substitute if unavailable
LIN-00088,REQ-00036,ITM-0110,3,Substitute if unavailable
LIN-00089,REQ-00036,ITM-0118,3,
LIN-00090,REQ-00036,ITM-0145,1,Per client request
LIN-00091,REQ-00037,ITM-0110,5,Substitute if unavailable
LIN-00092,REQ-00037,ITM-0101,2,
LIN-00093,REQ-00037,ITM-0036,2,Substitute if unavailable
LIN-00094,REQ-00037,ITM-0105,1,
LIN-00095,REQ-00038,ITM-0011,3,
LIN-00096,REQ-00039,ITM-0113,1,Extra portion
LIN-00097,REQ-00039,ITM-0001,5,Substitute if unavailable
LIN-00098,REQ-00040,ITM-0067,3,Extra portion
LIN-00099,REQ-00040,ITM-0106,5,Substitute if unavailable
LIN-00100,REQ-00041,ITM-0038,4,
LIN-00101,REQ-00041,ITM-0089,5,Per client request
LIN-00102,REQ-00041,ITM-0104,3,
LIN-00103,REQ-00041,ITM-0039,2,Per client request
LIN-00104,REQ-00042,ITM-0013,4,Frozen preferred
LIN-00105,REQ-00042,ITM-0025,3,
LIN-00106,REQ-00042,ITM-0018,3,Frozen preferred
LIN-00107,REQ-00042,ITM-0017,5,
LIN-00108,REQ-00043,ITM-0014,4,
LIN-00109,REQ-00044,ITM-0034,5,
LIN-00110,REQ-00044,ITM-0085,3,
LIN-00111,REQ-00044,ITM-0031,1,
LIN-00112,REQ-00044,ITM-0044,1,Substitute if unavailable
LIN-00113,REQ-00045,ITM-0041,3,Extra portion
LIN-00114,REQ-00045,ITM-0027,2,
LIN-00115,REQ-00045,ITM-0027,1,Extra portion
LIN-00116,REQ-00045,ITM-0032,4,
LIN-00117,REQ-00046,ITM-0008,2,Extra portion
LIN-00118,REQ-00046,ITM-0059,5,Extra portion
LIN-00119,REQ-00047,ITM-0031,5,
LIN-00120,REQ-00048,ITM-0149,4,Extra portion
LIN-00121,REQ-00049,ITM-0114,1,Substitute if unavailable
LIN-00122,REQ-00049,ITM-0052,2,
LIN-00123,REQ-00050,ITM-0019,2,
LIN-00124,REQ-00050,ITM-0002,3,Extra portion
LIN-00125,REQ-00050,ITM-0022,1,Per client request
LIN-00126,REQ-00051,ITM-0073,3,
LIN-00127,REQ-00051,ITM-0140,1,
LIN-00128,REQ-00052,ITM-0109,2,
LIN-00129,REQ-00052,ITM-0028,3,
LIN-00130,REQ-00052,ITM-0029,4,
LIN-00131,REQ-00053,ITM-0105,3,
LIN-00132,REQ-00053,ITM-0043,1,Substitute if unavailable
LIN-00133,REQ-00054,ITM-0041,3,Frozen preferred
LIN-00134,REQ-00054,ITM-0106,3,Substitute if unavailable
LIN-00135,REQ-00054,ITM-0112,3,Extra portion
LIN-00136,REQ-00055,ITM-0009,2,
LIN-00137,REQ-00055,ITM-0005,2,
LIN-00138,REQ-00055,ITM-0105,1,Extra portion
LIN-00139,REQ-00055,ITM-0016,1,Substitute if unavailable
LIN-00140,REQ-00056,ITM-0043,1,
LIN-00141,REQ-00056,ITM-0105,5,Frozen preferred
LIN-00142,REQ-00056,ITM-0037,1,Extra portion
LIN-00143,REQ-00056,ITM-0100,1,
LIN-00144,REQ-00057,ITM-0008,5,Substitute if unavailable
LIN-00145,REQ-00057,ITM-0007,2,
LIN-00146,REQ-00057,ITM-0020,1,
LIN-00147,REQ-00057,ITM-0102,1,Per client request
LIN-00148,REQ-00058,ITM-0073,2,Frozen preferred
LIN-00149,REQ-00059,ITM-0136,3,
LIN-00150,REQ-00059,ITM-0147,1,Per client request
LIN-00151,REQ-00059,ITM-0054,1,Frozen preferred
LIN-00152,REQ-00060,ITM-0024,4,Per client request
LIN-00153,REQ-00060,ITM-0001,4,
LIN-00154,REQ-00060,ITM-0071,5,Extra portion
LIN-00155,REQ-00060,ITM-0055,1,Extra portion
LIN-00156,REQ-00061,ITM-0132,1,Per client request
LIN-00157,REQ-00061,ITM-0057,4,Frozen preferred
LIN-00158,REQ-00061,ITM-0124,3,
LIN-00159,REQ-00061,ITM-0054,2,Per client request
LIN-00160,REQ-00062,ITM-0045,1,Extra portion
LIN-00161,REQ-00063,ITM-0037,4,
LIN-00162,REQ-00063,ITM-0030,5,Extra portion
LIN-00163,REQ-00064,ITM-0019,5,Frozen preferred
LIN-00164,REQ-00065,ITM-0113,5,Extra portion
LIN-00165,REQ-00065,ITM-0086,2,Per client request
LIN-00166,REQ-00065,ITM-0035,3,
LIN-00167,REQ-00066,ITM-0007,2,
LIN-00168,REQ-00066,ITM-0010,3,Substitute if unavailable
LIN-00169,REQ-00067,ITM-0110,2,
LIN-00170,REQ-00067,ITM-0001,1,
LIN-00171,REQ-00067,ITM-0012,3,
LIN-00172,REQ-00068,ITM-0068,1,
LIN-00173,REQ-00068,ITM-0056,2,
LIN-00174,REQ-00068,ITM-0048,5,
LIN-00175,REQ-00068,ITM-0056,5,Extra portion
LIN-00176,REQ-00069,ITM-0003,2,
LIN-00177,REQ-00069,ITM-0115,4,
LIN-00178,REQ-00070,ITM-0100,3,
LIN-00179,REQ-00071,ITM-0097,5,
LIN-00180,REQ-00072,ITM-0122,2,
LIN-00181,REQ-00072,ITM-0142,4,Substitute if unavailable
LIN-00182,REQ-00073,ITM-0044,1,
LIN-00183,REQ-00073,ITM-0082,1,
LIN-00184,REQ-00073,ITM-0029,5,
LIN-00185,REQ-00073,ITM-0111,5,Extra portion
LIN-00186,REQ-00074,ITM-0141,4,Per client request
LIN-00187,REQ-00075,ITM-0129,1,Per client request
LIN-00188,REQ-00075,ITM-0114,5,Per client request
LIN-00189,REQ-00075,ITM-0145,1,Extra portion
LIN-00190,REQ-00076,ITM-0136,1,Per client request
LIN-00191,REQ-00076,ITM-0103,2,
LIN-00192,REQ-00076,ITM-0137,3,Substitute if unavailable
LIN-00193,REQ-00077,ITM-0039,2,
LIN-00194,REQ-00078,ITM-0052,4,
LIN-00195,REQ-00078,ITM-0025,4,Extra portion
LIN-00196,REQ-00079,ITM-0021,5,Frozen preferred
LIN-00197,REQ-00079,ITM-0064,2,
LIN-00198,REQ-00079,ITM-0075,5,Per client request
LIN-00199,REQ-00080,ITM-0109,3,Extra portion
LIN-00200,REQ-00080,ITM-0030,1,Frozen preferred
LIN-00201,REQ-00080,ITM-0113,4,
LIN-00202,REQ-00081,ITM-0010,1,Frozen preferred
LIN-00203,REQ-00081,ITM-0112,3,Extra portion
LIN-00204,REQ-00081,ITM-0024,1,
LIN-00205,REQ-00081,ITM-0002,2,Per client request
LIN-00206,REQ-00082,ITM-0108,2,Per client request
LIN-00207,REQ-00083,ITM-0038,3,Per client request
LIN-00208,REQ-00083,ITM-0028,4,Frozen preferred
LIN-00209,REQ-00084,ITM-0057,5,
LIN-00210,REQ-00084,ITM-0085,1,
LIN-00211,REQ-00084,ITM-0057,4,Frozen preferred
LIN-00212,REQ-00084,ITM-0053,5,Substitute if unavailable
LIN-00213,REQ-00085,ITM-0141,4,Per client request
LIN-00214,REQ-00085,ITM-0064,2,
LIN-00215,REQ-00085,ITM-0149,2,
LIN-00216,REQ-00086,ITM-0028,2,Substitute if unavailable
LIN-00217,REQ-00086,ITM-0110,4,Extra portion
LIN-00218,REQ-00086,ITM-0040,4,Frozen preferred
LIN-00219,REQ-00086,ITM-0027,3,Substitute if unavailable
LIN-00220,REQ-00087,ITM-0065,4,Extra portion
LIN-00221,REQ-00087,ITM-0013,1,
LIN-00222,REQ-00088,ITM-0021,5,Per client request
LIN-00223,REQ-00088,ITM-0105,5,Per client request
LIN-00224,REQ-00088,ITM-0002,5,Per client request
LIN-00225,REQ-00088,ITM-0009,4,Substitute if unavailable
LIN-00226,REQ-00089,ITM-0108,4,
LIN-00227,REQ-00090,ITM-0097,5,
LIN-00228,REQ-00090,ITM-0136,1,
LIN-00229,REQ-00090,ITM-0115,3,
LIN-00230,REQ-00090,ITM-0138,1,Frozen preferred
LIN-00231,REQ-00091,ITM-0001,5,Extra portion
LIN-00232,REQ-00092,ITM-0023,4,
LIN-00233,REQ-00092,ITM-0007,5,Substitute if unavailable
LIN-00234,REQ-00093,ITM-0076,2,Per client request
LIN-00235,REQ-00093,ITM-0063,3,Frozen preferred
LIN-00236,REQ-00093,ITM-0066,5,Substitute if unavailable
LIN-00237,REQ-00095,ITM-0064,3,Per client request
LIN-00238,REQ-00095,ITM-0102,3,Frozen preferred
LIN-00239,REQ-00095,ITM-0023,5,
LIN-00240,REQ-00095,ITM-0109,3,
LIN-00241,REQ-00096,ITM-0113,2,Frozen preferred
LIN-00242,REQ-00096,ITM-0043,2,Substitute if unavailable
LIN-00243,REQ-00097,ITM-0092,3,
LIN-00244,REQ-00097,ITM-0044,5,Per client request
LIN-00245,REQ-00097,ITM-0031,5,Per client request
LIN-00246,REQ-00097,ITM-0082,4,
LIN-00247,REQ-00098,ITM-0011,4,
LIN-00248,REQ-00098,ITM-0110,5,Frozen preferred
LIN-00249,REQ-00098,ITM-0022,5,
LIN-00250,REQ-00098,ITM-0105,1,
LIN-00251,REQ-00099,ITM-0016,2,Substitute if unavailable
LIN-00252,REQ-00099,ITM-0017,1,
LIN-00253,REQ-00099,ITM-0017,3,Frozen preferred
LIN-00254,REQ-00100,ITM-0023,4,
LIN-00255,REQ-00101,ITM-0021,5,
LIN-00256,REQ-00101,ITM-0108,4,
LIN-00257,REQ-00101,ITM-0011,5,
LIN-00258,REQ-00101,ITM-0013,1,Frozen preferred
LIN-00259,REQ-00102,ITM-0062,2,
LIN-00260,REQ-00102,ITM-0016,5,
LIN-00261,REQ-00103,ITM-0101,3,Per client request
LIN-00262,REQ-00104,ITM-0039,3,
LIN-00263,REQ-00104,ITM-0030,5,Extra portion
LIN-00264,REQ-00104,ITM-0039,2,Frozen preferred
LIN-00265,REQ-00105,ITM-0022,3,Substitute if unavailable
LIN-00266,REQ-00105,ITM-0016,4,
LIN-00267,REQ-00106,ITM-0114,4,Frozen preferred
LIN-00268,REQ-00106,ITM-0037,4,
LIN-00269,REQ-00106,ITM-0084,1,
LIN-00270,REQ-00107,ITM-0052,2,
LIN-00271,REQ-00107,ITM-0011,2,Extra portion
LIN-00272,REQ-00108,ITM-0064,5,Per client request
LIN-00273,REQ-00108,ITM-0107,1,
LIN-00274,REQ-00108,ITM-0131,5,
LIN-00275,REQ-00109,ITM-0146,5,
LIN-00276,REQ-00110,ITM-0082,1,Extra portion
LIN-00277,REQ-00110,ITM-0058,2,
LIN-00278,REQ-00110,ITM-0132,1,Extra portion
LIN-00279,REQ-00111,ITM-0090,5,
LIN-00280,REQ-00111,ITM-0138,4,Extra portion
LIN-00281,REQ-00111,ITM-0059,5,
LIN-00282,REQ-00111,ITM-0056,2,
LIN-00283,REQ-00112,ITM-0018,4,
LIN-00284,REQ-00112,ITM-0001,1,
LIN-00285,REQ-00112,ITM-0074,4,
LIN-00286,REQ-00112,ITM-0017,4,Substitute if unavailable
LIN-00287,REQ-00113,ITM-0042,5,Per client request
LIN-00288,REQ-00113,ITM-0107,3,
LIN-00289,REQ-00113,ITM-0036,2,Extra portion
LIN-00290,REQ-00114,ITM-0141,4,
LIN-00291,REQ-00115,ITM-0063,2,
LIN-00292,REQ-00115,ITM-0115,4,
LIN-00293,REQ-00115,ITM-0104,3,Substitute if unavailable
LIN-00294,REQ-00115,ITM-0074,5,Extra portion
LIN-00295,REQ-00116,ITM-0072,2,Extra portion
LIN-00296,REQ-00116,ITM-0072,5,Frozen preferred
LIN-00297,REQ-00117,ITM-0024,1,Substitute if unavailable
LIN-00298,REQ-00117,ITM-0006,1,
LIN-00299,REQ-00118,ITM-0071,3,
LIN-00300,REQ-00119,ITM-0113,5,
LIN-00301,REQ-00119,ITM-0048,4,
LIN-00302,REQ-00120,ITM-0115,3,Substitute if unavailable
LIN-00303,REQ-00120,ITM-0135,5,
LIN-00304,REQ-00120,ITM-0144,4,
LIN-00305,REQ-00120,ITM-0059,3,Substitute if unavailable
LIN-00306,REQ-00121,ITM-0035,4,
LIN-00307,REQ-00121,ITM-0036,2,
LIN-00308,REQ-00122,ITM-0009,3,Frozen preferred
LIN-00309,REQ-00123,ITM-0004,3,Frozen preferred
LIN-00310,REQ-00123,ITM-0017,5,
LIN-00311,REQ-00123,ITM-0022,1,
LIN-00312,REQ-00124,ITM-0009,4,
LIN-00313,REQ-00124,ITM-0021,5,
LIN-00314,REQ-00124,ITM-0019,3,
LIN-00315,REQ-00125,ITM-0011,4,
LIN-00316,REQ-00126,ITM-0019,1,
LIN-00317,REQ-00126,ITM-0022,4,
LIN-00318,REQ-00127,ITM-0039,4,Frozen preferred
LIN-00319,REQ-00127,ITM-0092,3,
LIN-00320,REQ-00127,ITM-0043,1,Per client request
LIN-00321,REQ-00127,ITM-0028,2,Substitute if unavailable
LIN-00322,REQ-00128,ITM-0134,2,
LIN-00323,REQ-00128,ITM-0106,3,Per client request
LIN-00324,REQ-00129,ITM-0029,4,Substitute if unavailable
LIN-00325,REQ-00129,ITM-0109,3,
LIN-00326,REQ-00130,ITM-0129,5,Extra portion
LIN-00327,REQ-00130,ITM-0124,2,Frozen preferred
LIN-00328,REQ-00130,ITM-0052,5,Extra portion
LIN-00329,REQ-00131,ITM-0013,3,Frozen preferred
LIN-00330,REQ-00131,ITM-0068,4,Extra portion
LIN-00331,REQ-00131,ITM-0065,2,
LIN-00332,REQ-00131,ITM-0018,2,Extra portion
LIN-00333,REQ-00132,ITM-0103,4,Frozen preferred
LIN-00334,REQ-00132,ITM-0130,4,Frozen preferred
LIN-00335,REQ-00133,ITM-0107,5,Substitute if unavailable
LIN-00336,REQ-00133,ITM-0104,3,
LIN-00337,REQ-00133,ITM-0012,4,
LIN-00338,REQ-00134,ITM-0110,5,Substitute if unavailable
LIN-00339,REQ-00134,ITM-0109,5,
LIN-00340,REQ-00134,ITM-0003,4,Per client request
LIN-00341,REQ-00135,ITM-0012,1,Extra portion
LIN-00342,REQ-00135,ITM-0001,2,Frozen preferred
LIN-00343,REQ-00135,ITM-0011,4,Extra portion
LIN-00344,REQ-00136,ITM-0039,3,Substitute if unavailable
LIN-00345,REQ-00136,ITM-0092,5,Substitute if unavailable
LIN-00346,REQ-00136,ITM-0084,5,
LIN-00347,REQ-00136,ITM-0029,4,Substitute if unavailable
LIN-00348,REQ-00137,ITM-0146,4,Extra portion
LIN-00349,REQ-00138,ITM-0020,1,
LIN-00350,REQ-00138,ITM-0020,3,
LIN-00351,REQ-00139,ITM-0058,2,
LIN-00352,REQ-00140,ITM-0105,3,
LIN-00353,REQ-00140,ITM-0134,4,Per client request
LIN-00354,REQ-00140,ITM-0119,3,
LIN-00355,REQ-00140,ITM-0110,3,
LIN-00356,REQ-00141,ITM-0065,2,
LIN-00357,REQ-00141,ITM-0077,4,
LIN-00358,REQ-00142,ITM-0031,3,
LIN-00359,REQ-00142,ITM-0035,3,Frozen preferred
LIN-00360,REQ-00142,ITM-0082,2,
LIN-00361,REQ-00143,ITM-0091,4,Frozen preferred
LIN-00362,REQ-00143,ITM-0102,1,
LIN-00363,REQ-00144,ITM-0127,4,
LIN-00364,REQ-00144,ITM-0145,2,Extra portion
LIN-00365,REQ-00144,ITM-0071,3,
LIN-00366,REQ-00145,ITM-0054,3,Frozen preferred
LIN-00367,REQ-00145,ITM-0018,5,
LIN-00368,REQ-00145,ITM-0102,2,Frozen preferred
LIN-00369,REQ-00145,ITM-0114,5,Extra portion
LIN-00370,REQ-00146,ITM-0104,3,
LIN-00371,REQ-00146,ITM-0101,5,Substitute if unavailable
LIN-00372,REQ-00147,ITM-0114,2,
LIN-00373,REQ-00148,ITM-0104,5,Per client request
LIN-00374,REQ-00148,ITM-0060,1,Substitute if unavailable
LIN-00375,REQ-00148,ITM-0058,4,Extra portion
LIN-00376,REQ-00148,ITM-0001,1,
LIN-00377,REQ-00149,ITM-0007,4,
LIN-00378,REQ-00150,ITM-0148,3,Substitute if unavailable
LIN-00379,REQ-00151,ITM-0113,4,Extra portion
LIN-00380,REQ-00152,ITM-0114,2,Extra portion
LIN-00381,REQ-00152,ITM-0111,1,Extra portion
LIN-00382,REQ-00153,ITM-0017,1,
LIN-00383,REQ-00153,ITM-0009,2,Frozen preferred
LIN-00384,REQ-00153,ITM-0009,5,
LIN-00385,REQ-00154,ITM-0078,5,Extra portion
LIN-00386,REQ-00154,ITM-0125,4,
LIN-00387,REQ-00154,ITM-0078,4,
LIN-00388,REQ-00154,ITM-0087,4,Frozen preferred
LIN-00389,REQ-00155,ITM-0034,3,
LIN-00390,REQ-00156,ITM-0035,5,
LIN-00391,REQ-00157,ITM-0133,1,Substitute if unavailable
LIN-00392,REQ-00157,ITM-0146,5,Extra portion
LIN-00393,REQ-00157,ITM-0116,3,
LIN-00394,REQ-00158,ITM-0101,1,Per client request
LIN-00395,REQ-00158,ITM-0103,2,Per client request
LIN-00396,REQ-00158,ITM-0036,2,
LIN-00397,REQ-00158,ITM-0102,5,Frozen preferred
LIN-00398,REQ-00159,ITM-0012,3,Substitute if unavailable
LIN-00399,REQ-00159,ITM-0105,3,Substitute if unavailable
LIN-00400,REQ-00160,ITM-0117,3,Frozen preferred
LIN-00401,REQ-00160,ITM-0082,3,Substitute if unavailable
LIN-00402,REQ-00160,ITM-0148,4,Extra portion
LIN-00403,REQ-00161,ITM-0008,4,
LIN-00404,REQ-00162,ITM-0112,1,
LIN-00405,REQ-00162,ITM-0025,5,Frozen preferred
LIN-00406,REQ-00163,ITM-0042,1,
LIN-00407,REQ-00164,ITM-0116,5,
LIN-00408,REQ-00164,ITM-0131,3,Substitute if unavailable
LIN-00409,REQ-00164,ITM-0060,5,Substitute if unavailable
LIN-00410,REQ-00165,ITM-0110,3,
LIN-00411,REQ-00166,ITM-0049,4,Frozen preferred
LIN-00412,REQ-00167,ITM-0129,5,Substitute if unavailable
LIN-00413,REQ-00167,ITM-0111,4,Substitute if unavailable
LIN-00414,REQ-00167,ITM-0124,1,Extra portion
LIN-00415,REQ-00168,ITM-0140,1,
LIN-00416,REQ-00168,ITM-0128,1,Substitute if unavailable
LIN-00417,REQ-00168,ITM-0105,5,
LIN-00418,REQ-00168,ITM-0110,4,
LIN-00419,REQ-00169,ITM-0028,5,
LIN-00420,REQ-00169,ITM-0111,2,Extra portion
LIN-00421,REQ-00169,ITM-0034,5,
LIN-00422,REQ-00170,ITM-0134,5,
LIN-00423,REQ-00170,ITM-0092,5,
LIN-00424,REQ-00170,ITM-0072,4,
LIN-00425,REQ-00171,ITM-0005,1,
LIN-00426,REQ-00171,ITM-0046,2,Frozen preferred
LIN-00427,REQ-00171,ITM-0024,2,Per client request
LIN-00428,REQ-00171,ITM-0047,5,
LIN-00429,REQ-00172,ITM-0150,1,Frozen preferred
LIN-00430,REQ-00173,ITM-0133,3,Frozen preferred
LIN-00431,REQ-00173,ITM-0060,4,Substitute if unavailable
LIN-00432,REQ-00173,ITM-0082,4,
LIN-00433,REQ-00174,ITM-0071,1,Per client request
LIN-00434,REQ-00174,ITM-0011,5,
LIN-00435,REQ-00174,ITM-0109,5,Extra portion
LIN-00436,REQ-00176,ITM-0018,4,
LIN-00437,REQ-00177,ITM-0141,2,Substitute if unavailable
LIN-00438,REQ-00177,ITM-0128,3,
LIN-00439,REQ-00178,ITM-0113,4,Per client request
LIN-00440,REQ-00178,ITM-0057,5,
LIN-00441,REQ-00178,ITM-0025,5,
LIN-00442,REQ-00178,ITM-0052,4,
LIN-00443,REQ-00179,ITM-0108,5,
LIN-00444,REQ-00180,ITM-0076,5,
LIN-00445,REQ-00180,ITM-0043,1,
LIN-00446,REQ-00180,ITM-0106,3,Frozen preferred
LIN-00447,REQ-00180,ITM-0044,4,
LIN-00448,REQ-00181,ITM-0005,3,Frozen preferred
LIN-00449,REQ-00181,ITM-0011,5,
LIN-00450,REQ-00181,ITM-0046,5,
LIN-00451,REQ-00182,ITM-0026,5,Per client request
LIN-00452,REQ-00183,ITM-0148,1,Frozen preferred
LIN-00453,REQ-00183,ITM-0068,5,
LIN-00454,REQ-00183,ITM-0131,4,Per client request
LIN-00455,REQ-00183,ITM-0124,5,Extra portion
LIN-00456,REQ-00184,ITM-0081,3,Substitute if unavailable
LIN-00457,REQ-00184,ITM-0142,4,Frozen preferred
LIN-00458,REQ-00184,ITM-0082,2,Frozen preferred
LIN-00459,REQ-00184,ITM-0089,3,Frozen preferred
LIN-00460,REQ-00185,ITM-0111,4,Frozen preferred
LIN-00461,REQ-00185,ITM-0042,3,
LIN-00462,REQ-00185,ITM-0040,2,
LIN-00463,REQ-00186,ITM-0114,3,Frozen preferred
LIN-00464,REQ-00186,ITM-0035,4,Substitute if unavailable
LIN-00465,REQ-00186,ITM-0095,4,
LIN-00466,REQ-00187,ITM-0012,3,Extra portion
LIN-00467,REQ-00187,ITM-0023,3,
LIN-00468,REQ-00187,ITM-0110,2,Per client request
LIN-00469,REQ-00188,ITM-0012,5,Substitute if unavailable
LIN-00470,REQ-00188,ITM-0018,3,
LIN-00471,REQ-00188,ITM-0112,3,
LIN-00472,REQ-00188,ITM-0014,3,Extra portion
LIN-00473,REQ-00189,ITM-0107,1,
LIN-00474,REQ-00189,ITM-0141,2,Extra portion
LIN-00475,REQ-00189,ITM-0092,3,
LIN-00476,REQ-00189,ITM-0088,1,Substitute if unavailable
LIN-00477,REQ-00190,ITM-0030,1,
LIN-00478,REQ-00190,ITM-0033,4,
LIN-00479,REQ-00191,ITM-0107,2,
LIN-00480,REQ-00192,ITM-0016,3,Substitute if unavailable
LIN-00481,REQ-00193,ITM-0034,1,
LIN-00482,REQ-00193,ITM-0084,4,Substitute if unavailable
LIN-00483,REQ-00194,ITM-0107,4,Per client request
LIN-00484,REQ-00194,ITM-0089,1,Per client request
LIN-00485,REQ-00194,ITM-0040,5,
LIN-00486,REQ-00194,ITM-0077,2,
LIN-00487,REQ-00195,ITM-0024,3,Frozen preferred
LIN-00488,REQ-00195,ITM-0021,5,Extra portion
LIN-00489,REQ-00196,ITM-0033,4,Extra portion
LIN-00490,REQ-00196,ITM-0102,5,Substitute if unavailable
LIN-00491,REQ-00196,ITM-0098,3,Per client request
LIN-00492,REQ-00197,ITM-0137,1,
LIN-00493,REQ-00197,ITM-0143,1,Substitute if unavailable
LIN-00494,REQ-00197,ITM-0062,1,Frozen preferred
LIN-00495,REQ-00198,ITM-0036,4,Substitute if unavailable
LIN-00496,REQ-00199,ITM-0110,3,Substitute if unavailable
LIN-00497,REQ-00200,ITM-0038,4,Per client request
LIN-00498,REQ-00200,ITM-0029,4,Frozen preferred
LIN-00499,REQ-00201,ITM-0115,2,
LIN-00500,REQ-00201,ITM-0104,1,
LIN-00501,REQ-00201,ITM-0008,4,Frozen preferred
LIN-00502,REQ-00202,ITM-0040,2,Extra portion
LIN-00503,REQ-00203,ITM-0112,4,
LIN-00504,REQ-00203,ITM-0110,2,Frozen preferred
LIN-00505,REQ-00204,ITM-0131,1,
LIN-00506,REQ-00204,ITM-0061,3,Extra portion
LIN-00507,REQ-00204,ITM-0143,2,Extra portion
LIN-00508,REQ-00204,ITM-0113,5,
LIN-00509,REQ-00205,ITM-0149,1,Substitute if unavailable
LIN-00510,REQ-00205,ITM-0097,3,
LIN-00511,REQ-00206,ITM-0090,3,
LIN-00512,REQ-00206,ITM-0073,2,
LIN-00513,REQ-00207,ITM-0106,1,Extra portion
LIN-00514,REQ-00207,ITM-0003,2,Per client request
LIN-00515,REQ-00207,ITM-0025,3,Frozen preferred
LIN-00516,REQ-00208,ITM-0072,5,Frozen preferred
LIN-00517,REQ-00208,ITM-0059,5,Frozen preferred
LIN-00518,REQ-00208,ITM-0087,2,
LIN-00519,REQ-00209,ITM-0086,1,Frozen preferred
LIN-00520,REQ-00209,ITM-0140,4,Extra portion
LIN-00521,REQ-00209,ITM-0145,5,
LIN-00522,REQ-00209,ITM-0137,2,Frozen preferred
LIN-00523,REQ-00210,ITM-0011,3,
LIN-00524,REQ-00211,ITM-0054,2,Per client request
LIN-00525,REQ-00211,ITM-0139,2,
LIN-00526,REQ-00211,ITM-0105,3,Per client request
LIN-00527,REQ-00212,ITM-0133,5,
LIN-00528,REQ-00213,ITM-0114,5,
LIN-00529,REQ-00214,ITM-0104,4,Per client request
LIN-00530,REQ-00214,ITM-0104,1,
LIN-00531,REQ-00214,ITM-0027,3,Frozen preferred
LIN-00532,REQ-00214,ITM-0088,2,Frozen preferred
LIN-00533,REQ-00215,ITM-0112,2,Extra portion
LIN-00534,REQ-00215,ITM-0050,2,Frozen preferred
LIN-00535,REQ-00216,ITM-0037,3,Frozen preferred
LIN-00536,REQ-00216,ITM-0031,5,
LIN-00537,REQ-00217,ITM-0070,5,
LIN-00538,REQ-00217,ITM-0054,1,Frozen preferred
LIN-00539,REQ-00218,ITM-0016,5,Extra portion
LIN-00540,REQ-00218,ITM-0065,4,Per client request
LIN-00541,REQ-00218,ITM-0001,5,
LIN-00542,REQ-00219,ITM-0023,4,Per client request
LIN-00543,REQ-00219,ITM-0071,3,Extra portion
LIN-00544,REQ-00219,ITM-0113,2,
LIN-00545,REQ-00219,ITM-0022,2,
LIN-00546,REQ-00220,ITM-0112,2,Substitute if unavailable
LIN-00547,REQ-00220,ITM-0006,4,
LIN-00548,REQ-00220,ITM-0021,1,
LIN-00549,REQ-00221,ITM-0025,2,Per client request
LIN-00550,REQ-00221,ITM-0015,2,Extra portion
LIN-00551,REQ-00222,ITM-0141,5,
LIN-00552,REQ-00222,ITM-0101,2,Per client request
LIN-00553,REQ-00223,ITM-0059,4,Frozen preferred
LIN-00554,REQ-00224,ITM-0087,1,DATA_QUALITY_ISSUE: allergen conflict
LIN-00555,REQ-00224,ITM-0137,4,
LIN-00556,REQ-00224,ITM-0087,5,
LIN-00557,REQ-00225,ITM-0073,2,Substitute if unavailable
LIN-00558,REQ-00225,ITM-0114,2,Per client request
LIN-00559,REQ-00226,ITM-0104,5,
LIN-00560,REQ-00226,ITM-0030,2,
LIN-00561,REQ-00226,ITM-0114,1,
LIN-00562,REQ-00226,ITM-0099,2,
LIN-00563,REQ-00227,ITM-0084,1,Substitute if unavailable
LIN-00564,REQ-00227,ITM-0112,4,Substitute if unavailable
LIN-00565,REQ-00227,ITM-0114,3,
LIN-00566,REQ-00227,ITM-0112,1,Per client request
LIN-00567,REQ-00228,ITM-0026,4,
LIN-00568,REQ-00228,ITM-0037,5,
LIN-00569,REQ-00228,ITM-0087,4,
LIN-00570,REQ-00228,ITM-0036,5,Substitute if unavailable
LIN-00571,REQ-00229,ITM-0112,4,Frozen preferred
LIN-00572,REQ-00229,ITM-0107,5,
LIN-00573,REQ-00230,ITM-0111,1,Per client request
LIN-00574,REQ-00231,ITM-0043,2,Substitute if unavailable
LIN-00575,REQ-00231,ITM-0038,3,Frozen preferred
LIN-00576,REQ-00232,ITM-0103,1,Extra portion
LIN-00577,REQ-00232,ITM-0150,5,Per client request
LIN-00578,REQ-00233,ITM-0020,1,Frozen preferred
LIN-00579,REQ-00233,ITM-0022,3,Per client request
LIN-00580,REQ-00233,ITM-0006,3,Extra portion
LIN-00581,REQ-00234,ITM-0141,3,
LIN-00582,REQ-00234,ITM-0110,1,Extra portion
LIN-00583,REQ-00235,ITM-0109,5,Extra portion
LIN-00584,REQ-00235,ITM-0099,4,Extra portion
LIN-00585,REQ-00235,ITM-0097,4,Frozen preferred
LIN-00586,REQ-00235,ITM-0096,1,Extra portion
LIN-00587,REQ-00236,ITM-0045,4,
LIN-00588,REQ-00236,ITM-0037,5,
LIN-00589,REQ-00236,ITM-0112,1,Per client request
LIN-00590,REQ-00236,ITM-0040,4,
LIN-00591,REQ-00237,ITM-0103,4,Per client request
LIN-00592,REQ-00237,ITM-0022,5,
LIN-00593,REQ-00237,ITM-0022,1,Per client request
LIN-00594,REQ-00237,ITM-0069,2,
LIN-00595,REQ-00238,ITM-0012,3,Frozen preferred
LIN-00596,REQ-00238,ITM-0049,4,
LIN-00597,REQ-00239,ITM-0114,3,Extra portion
LIN-00598,REQ-00240,ITM-0038,3,
LIN-00599,REQ-00240,ITM-0037,5,Frozen preferred
LIN-00600,REQ-00240,ITM-0037,2,Extra portion
LIN-00601,REQ-00240,ITM-0033,4,
LIN-00602,REQ-00241,ITM-0026,2,Extra portion
LIN-00603,REQ-00241,ITM-0044,2,
LIN-00604,REQ-00241,ITM-0031,5,Substitute if unavailable
LIN-00605,REQ-00242,ITM-0058,3,
LIN-00606,REQ-00243,ITM-0103,2,Extra portion
LIN-00607,REQ-00243,ITM-0106,4,
LIN-00608,REQ-00243,ITM-0118,2,
LIN-00609,REQ-00243,ITM-0130,2,Substitute if unavailable
LIN-00610,REQ-00244,ITM-0014,2,Per client request
LIN-00611,REQ-00244,ITM-0013,4,
LIN-00612,REQ-00245,ITM-0017,2,
LIN-00613,REQ-00245,ITM-0054,5,Substitute if unavailable
LIN-00614,REQ-00245,ITM-0011,1,Substitute if unavailable
LIN-00615,REQ-00246,ITM-0112,3,
LIN-00616,REQ-00246,ITM-0053,3,Frozen preferred
LIN-00617,REQ-00246,ITM-0052,4,Extra portion
LIN-00618,REQ-00247,ITM-0095,2,Extra portion
LIN-00619,REQ-00247,ITM-0126,1,Substitute if unavailable
LIN-00620,REQ-00247,ITM-0135,3,Substitute if unavailable
LIN-00621,REQ-00248,ITM-0010,2,Per client request
LIN-00622,REQ-00249,ITM-0003,4,
LIN-00623,REQ-00249,ITM-0053,2,Substitute if unavailable
LIN-00624,REQ-00249,ITM-0013,1,
LIN-00625,REQ-00250,ITM-0013,3,Substitute if unavailable
LIN-00626,REQ-00250,ITM-0005,3,Frozen preferred
LIN-00627,REQ-00250,ITM-0046,2,Extra portion
LIN-00628,REQ-00251,ITM-0005,2,
LIN-00629,REQ-00252,ITM-0100,1,
LIN-00630,REQ-00252,ITM-0148,1,
LIN-00631,REQ-00252,ITM-0047,3,
LIN-00632,REQ-00253,ITM-0039,2,Substitute if unavailable
LIN-00633,REQ-00253,ITM-0114,4,
LIN-00634,REQ-00253,ITM-0040,2,
LIN-00635,REQ-00253,ITM-0109,5,Substitute if unavailable
LIN-00636,REQ-00254,ITM-0043,5,Frozen preferred
LIN-00637,REQ-00254,ITM-0042,1,
LIN-00638,REQ-00254,ITM-0082,3,Per client request
LIN-00639,REQ-00254,ITM-0113,1,
LIN-00640,REQ-00255,ITM-0066,1,
LIN-00641,REQ-00255,ITM-0054,1,
LIN-00642,REQ-00256,ITM-0035,5,Substitute if unavailable
LIN-00643,REQ-00257,ITM-0140,4,
LIN-00644,REQ-00257,ITM-0149,1,Substitute if unavailable
LIN-00645,REQ-00258,ITM-0118,3,
LIN-00646,REQ-00259,ITM-0030,3,Frozen preferred
LIN-00647,REQ-00260,ITM-0105,2,
LIN-00648,REQ-00261,ITM-0052,1,Substitute if unavailable
LIN-00649,REQ-00261,ITM-0097,2,Per client request
LIN-00650,REQ-00261,ITM-0076,5,
LIN-00651,REQ-00262,ITM-0046,1,
LIN-00652,REQ-00262,ITM-0082,1,
LIN-00653,REQ-00262,ITM-0110,4,
LIN-00654,REQ-00262,ITM-0104,1,Frozen preferred
LIN-00655,REQ-00263,ITM-0024,3,Per client request
LIN-00656,REQ-00263,ITM-0105,4,
LIN-00657,REQ-00263,ITM-0114,2,Extra portion
LIN-00658,REQ-00264,ITM-0003,2,
LIN-00659,REQ-00264,ITM-0016,1,Substitute if unavailable
LIN-00660,REQ-00264,ITM-0113,2,Per client request
LIN-00661,REQ-00264,ITM-0015,1,Frozen preferred
LIN-00662,REQ-00265,ITM-0058,5,Substitute if unavailable
LIN-00663,REQ-00265,ITM-0054,3,
LIN-00664,REQ-00265,ITM-0148,4,Frozen preferred
LIN-00665,REQ-00266,ITM-0017,1,
LIN-00666,REQ-00267,ITM-0086,4,Per client request
LIN-00667,REQ-00267,ITM-0032,2,Per client request
LIN-00668,REQ-00267,ITM-0026,1,
LIN-00669,REQ-00268,ITM-0110,5,Extra portion
LIN-00670,REQ-00268,ITM-0033,2,
LIN-00671,REQ-00268,ITM-0035,5,Per client request
LIN-00672,REQ-00268,ITM-0113,2,Substitute if unavailable
LIN-00673,REQ-00269,ITM-0042,5,
LIN-00674,REQ-00270,ITM-0114,2,
LIN-00675,REQ-00270,ITM-0146,2,Extra portion
LIN-00676,REQ-00270,ITM-0068,3,
LIN-00677,REQ-00271,ITM-0044,3,
LIN-00678,REQ-00272,ITM-0008,3,
LIN-00679,REQ-00272,ITM-0008,5,Frozen preferred
LIN-00680,REQ-00273,ITM-0081,1,
LIN-00681,REQ-00273,ITM-0149,4,Per client request
LIN-00682,REQ-00273,ITM-0064,2,Extra portion
LIN-00683,REQ-00274,ITM-0103,2,
LIN-00684,REQ-00274,ITM-0103,1,Substitute if unavailable
LIN-00685,REQ-00275,ITM-0031,4,Per client request
LIN-00686,REQ-00276,ITM-0005,4,Substitute if unavailable
LIN-00687,REQ-00276,ITM-0015,5,Per client request
LIN-00688,REQ-00277,ITM-0025,2,Frozen preferred
LIN-00689,REQ-00277,ITM-0065,2,
LIN-00690,REQ-00277,ITM-0066,3,Extra portion
LIN-00691,REQ-00277,ITM-0012,4,Frozen preferred
LIN-00692,REQ-00278,ITM-0126,2,
LIN-00693,REQ-00278,ITM-0121,3,Extra portion
LIN-00694,REQ-00278,ITM-0069,1,Per client request
LIN-00695,REQ-00279,ITM-0146,5,Frozen preferred
LIN-00696,REQ-00279,ITM-0062,2,
LIN-00697,REQ-00280,ITM-0019,2,Per client request
LIN-00698,REQ-00281,ITM-0097,5,
LIN-00699,REQ-00281,ITM-0100,2,Substitute if unavailable
LIN-00700,REQ-00281,ITM-0088,4,Extra portion
LIN-00701,REQ-00281,ITM-0036,4,Frozen preferred
LIN-00702,REQ-00282,ITM-0063,4,
LIN-00703,REQ-00282,ITM-0009,3,Extra portion
LIN-00704,REQ-00283,ITM-0148,1,Extra portion
LIN-00705,REQ-00283,ITM-0122,5,
LIN-00706,REQ-00283,ITM-0048,3,Per client request
LIN-00707,REQ-00284,ITM-0107,5,Substitute if unavailable
LIN-00708,REQ-00284,ITM-0046,2,Per client request
LIN-00709,REQ-00284,ITM-0016,5,Extra portion
LIN-00710,REQ-00285,ITM-0141,5,
LIN-00711,REQ-00285,ITM-0119,4,Substitute if unavailable
LIN-00712,REQ-00285,ITM-0056,5,
LIN-00713,REQ-00286,ITM-0025,2,
LIN-00714,REQ-00286,ITM-0004,3,Extra portion
LIN-00715,REQ-00286,ITM-0023,1,
LIN-00716,REQ-00286,ITM-0009,4,
LIN-00717,REQ-00287,ITM-0115,5,Substitute if unavailable
LIN-00718,REQ-00287,ITM-0073,2,
LIN-00719,REQ-00288,ITM-0018,2,
LIN-00720,REQ-00289,ITM-0130,1,Extra portion
LIN-00721,REQ-00289,ITM-0125,1,
LIN-00722,REQ-00290,ITM-0067,3,
LIN-00723,REQ-00290,ITM-0022,3,Frozen preferred
LIN-00724,REQ-00290,ITM-0016,5,
LIN-00725,REQ-00290,ITM-0023,3,Per client request
LIN-00726,REQ-00291,ITM-0080,5,Substitute if unavailable
LIN-00727,REQ-00291,ITM-0029,5,
LIN-00728,REQ-00291,ITM-0080,2,Frozen preferred
LIN-00729,REQ-00292,ITM-0095,3,
LIN-00730,REQ-00292,ITM-0032,1,Per client request
LIN-00731,REQ-00292,ITM-0107,5,Extra portion
LIN-00732,REQ-00293,ITM-0143,1,
LIN-00733,REQ-00293,ITM-0096,5,Substitute if unavailable
LIN-00734,REQ-00293,ITM-0114,3,Substitute if unavailable
LIN-00735,REQ-00293,ITM-0139,2,
LIN-00736,REQ-00294,ITM-0144,4,Frozen preferred
LIN-00737,REQ-00294,ITM-0132,4,
LIN-00738,REQ-00294,ITM-0140,4,Extra portion
LIN-00739,REQ-00295,ITM-0109,3,Frozen preferred
LIN-00740,REQ-00295,ITM-0024,4,
LIN-00741,REQ-00295,ITM-0025,4,Extra portion
LIN-00742,REQ-00295,ITM-0072,2,
LIN-00743,REQ-00296,ITM-0094,3,
LIN-00744,REQ-00296,ITM-0034,2,Frozen preferred
LIN-00745,REQ-00296,ITM-0096,3,
LIN-00746,REQ-00296,ITM-0109,4,
LIN-00747,REQ-00297,ITM-0077,3,
LIN-00748,REQ-00298,ITM-0055,2,
LIN-00749,REQ-00298,ITM-0008,3,
LIN-00750,REQ-00298,ITM-0102,5,
LIN-00751,REQ-00298,ITM-0001,2,
LIN-00752,REQ-00299,ITM-0024,4,Per client request
LIN-00753,REQ-00299,ITM-0047,2,
LIN-00754,REQ-00299,ITM-0104,3,Extra portion
LIN-00755,REQ-00300,ITM-0074,5,
LIN-00756,REQ-00300,ITM-0010,1,
LIN-00757,REQ-00300,ITM-0003,2,Frozen preferred
LIN-00758,REQ-00300,ITM-0006,4,
LIN-00759,REQ-00301,ITM-0109,5,Per client request
LIN-00760,REQ-00301,ITM-0027,2,Per client request
LIN-00761,REQ-00302,ITM-0005,4,Substitute if unavailable
LIN-00762,REQ-00303,ITM-0015,2,
LIN-00763,REQ-00303,ITM-0054,5,Extra portion
LIN-00764,REQ-00303,ITM-0009,2,
LIN-00765,REQ-00303,ITM-0017,3,
LIN-00766,REQ-00304,ITM-0051,4,Extra portion
LIN-00767,REQ-00304,ITM-0009,3,Extra portion
LIN-00768,REQ-00304,ITM-0003,5,
LIN-00769,REQ-00304,ITM-0046,1,Substitute if unavailable
LIN-00770,REQ-00306,ITM-0034,4,Per client request
LIN-00771,REQ-00306,ITM-0094,3,
LIN-00772,REQ-00306,ITM-0112,2,Extra portion
LIN-00773,REQ-00307,ITM-0137,4,Substitute if unavailable
LIN-00774,REQ-00307,ITM-0079,1,Substitute if unavailable
LIN-00775,REQ-00307,ITM-0080,2,
LIN-00776,REQ-00307,ITM-0136,3,Per client request
LIN-00777,REQ-00308,ITM-0112,3,Per client request
LIN-00778,REQ-00308,ITM-0005,2,Frozen preferred
LIN-00779,REQ-00309,ITM-0102,3,
LIN-00780,REQ-00309,ITM-0110,2,Extra portion
LIN-00781,REQ-00309,ITM-0095,3,
LIN-00782,REQ-00310,ITM-0107,4,Per client request
LIN-00783,REQ-00311,ITM-0007,4,Frozen preferred
LIN-00784,REQ-00311,ITM-0059,5,Per client request
LIN-00785,REQ-00312,ITM-0111,1,
LIN-00786,REQ-00313,ITM-0100,4,Substitute if unavailable
LIN-00787,REQ-00313,ITM-0112,2,Frozen preferred
LIN-00788,REQ-00313,ITM-0118,3,Frozen preferred
LIN-00789,REQ-00313,ITM-0046,5,
LIN-00790,REQ-00314,ITM-0025,1,
LIN-00791,REQ-00314,ITM-0108,4,Per client request
LIN-00792,REQ-00314,ITM-0004,3,Per client request
LIN-00793,REQ-00315,ITM-0070,3,Extra portion
LIN-00794,REQ-00315,ITM-0111,3,Per client request
LIN-00795,REQ-00315,ITM-0068,4,Substitute if unavailable
LIN-00796,REQ-00316,ITM-0072,2,
LIN-00797,REQ-00316,ITM-0006,5,Per client request
LIN-00798,REQ-00317,ITM-0084,1,Per client request
LIN-00799,REQ-00317,ITM-0114,3,
LIN-00800,REQ-00317,ITM-0040,4,Substitute if unavailable
LIN-00801,REQ-00317,ITM-0045,1,
LIN-00802,REQ-00318,ITM-0107,4,Per client request
LIN-00803,REQ-00318,ITM-0044,5,
LIN-00804,REQ-00319,ITM-0003,5,Substitute if unavailable
LIN-00805,REQ-00319,ITM-0055,3,Extra portion
LIN-00806,REQ-00319,ITM-0103,4,Frozen preferred
LIN-00807,REQ-00320,ITM-0079,2,Frozen preferred
LIN-00808,REQ-00320,ITM-0039,4,Frozen preferred
LIN-00809,REQ-00320,ITM-0035,4,Per client request
LIN-00810,REQ-00320,ITM-0026,2,Per client request
LIN-00811,REQ-00321,ITM-0102,2,Frozen preferred
LIN-00812,REQ-00322,ITM-0105,5,Per client request
LIN-00813,REQ-00322,ITM-0110,5,Extra portion
LIN-00814,REQ-00322,ITM-0033,3,
LIN-00815,REQ-00322,ITM-0084,2,
LIN-00816,REQ-00323,ITM-0031,2,Frozen preferred
LIN-00817,REQ-00323,ITM-0112,1,Substitute if unavailable
LIN-00818,REQ-00323,ITM-0095,3,Frozen preferred
LIN-00819,REQ-00323,ITM-0033,2,Frozen preferred
LIN-00820,REQ-00324,ITM-0101,4,Frozen preferred
LIN-00821,REQ-00324,ITM-0012,2,
LIN-00822,REQ-00324,ITM-0024,5,
LIN-00823,REQ-00325,ITM-0059,1,
LIN-00824,REQ-00325,ITM-0014,5,
LIN-00825,REQ-00325,ITM-0022,3,Extra portion
LIN-00826,REQ-00326,ITM-0044,4,Per client request
LIN-00827,REQ-00326,ITM-0026,3,
LIN-00828,REQ-00326,ITM-0027,3,Extra portion
LIN-00829,REQ-00326,ITM-0044,3,
LIN-00830,REQ-00327,ITM-0086,2,
LIN-00831,REQ-00327,ITM-0098,4,Substitute if unavailable
LIN-00832,REQ-00328,ITM-0111,1,Per client request
LIN-00833,REQ-00329,ITM-0096,5,Extra portion
LIN-00834,REQ-00329,ITM-0037,4,Substitute if unavailable
LIN-00835,REQ-00329,ITM-0084,3,Per client request
LIN-00836,REQ-00330,ITM-0039,1,Per client request
LIN-00837,REQ-00330,ITM-0078,4,
LIN-00838,REQ-00331,ITM-0101,3,Substitute if unavailable
LIN-00839,REQ-00331,ITM-0015,1,
LIN-00840,REQ-00331,ITM-0067,5,Extra portion
LIN-00841,REQ-00332,ITM-0029,5,Extra portion
LIN-00842,REQ-00332,ITM-0040,1,
LIN-00843,REQ-00332,ITM-0034,4,
LIN-00844,REQ-00332,ITM-0097,2,Substitute if unavailable
LIN-00845,REQ-00333,ITM-0078,1,Substitute if unavailable
LIN-00846,REQ-00333,ITM-0034,2,
LIN-00847,REQ-00333,ITM-0026,2,Extra portion
LIN-00848,REQ-00334,ITM-0023,4,Substitute if unavailable
LIN-00849,REQ-00334,ITM-0017,2,
LIN-00850,REQ-00334,ITM-0015,2,Extra portion
LIN-00851,REQ-00335,ITM-0002,1,Per client request
LIN-00852,REQ-00335,ITM-0015,3,
LIN-00853,REQ-00336,ITM-0030,2,
LIN-00854,REQ-00336,ITM-0091,5,Per client request
LIN-00855,REQ-00336,ITM-0035,2,
LIN-00856,REQ-00336,ITM-0038,4,Substitute if unavailable
LIN-00857,REQ-00337,ITM-0109,1,Frozen preferred
LIN-00858,REQ-00337,ITM-0104,2,
LIN-00859,REQ-00337,ITM-0026,1,
LIN-00860,REQ-00337,ITM-0026,3,Frozen preferred
LIN-00861,REQ-00338,ITM-0141,4,
LIN-00862,REQ-00339,ITM-0147,5,Substitute if unavailable
LIN-00863,REQ-00340,ITM-0113,5,
LIN-00864,REQ-00341,ITM-0105,1,
LIN-00865,REQ-00342,ITM-0039,2,Extra portion
LIN-00866,REQ-00342,ITM-0110,5,Extra portion
LIN-00867,REQ-00342,ITM-0102,3,
LIN-00868,REQ-00342,ITM-0086,4,Per client request
LIN-00869,REQ-00343,ITM-0105,5,Per client request
LIN-00870,REQ-00344,ITM-0019,1,
LIN-00871,REQ-00344,ITM-0019,3,Per client request
LIN-00872,REQ-00345,ITM-0103,2,
LIN-00873,REQ-00346,ITM-0019,2,Extra portion
LIN-00874,REQ-00347,ITM-0070,4,Per client request
LIN-00875,REQ-00347,ITM-0144,3,
LIN-00876,REQ-00347,ITM-0080,1,Substitute if unavailable
LIN-00877,REQ-00348,ITM-0006,2,
LIN-00878,REQ-00348,ITM-0001,1,Per client request
LIN-00879,REQ-00348,ITM-0111,3,
LIN-00880,REQ-00349,ITM-0091,1,
LIN-00881,REQ-00349,ITM-0090,3,Substitute if unavailable
LIN-00882,REQ-00349,ITM-0083,2,
LIN-00883,REQ-00349,ITM-0040,1,
LIN-00884,REQ-00350,ITM-0017,2,
LIN-00885,REQ-00350,ITM-0112,4,Substitute if unavailable
LIN-00886,REQ-00350,ITM-0016,4,
LIN-00887,REQ-00350,ITM-0051,1,
LIN-00888,REQ-00351,ITM-0149,3,Frozen preferred
LIN-00889,REQ-00351,ITM-0144,4,
LIN-00890,REQ-00351,ITM-0114,2,Per client request
LIN-00891,REQ-00351,ITM-0109,3,Frozen preferred
LIN-00892,REQ-00352,ITM-0129,3,Extra portion
LIN-00893,REQ-00352,ITM-0124,1,
LIN-00894,REQ-00353,ITM-0137,2,
LIN-00895,REQ-00354,ITM-0068,1,
LIN-00896,REQ-00354,ITM-0150,4,
LIN-00897,REQ-00354,ITM-0126,2,
LIN-00898,REQ-00355,ITM-0041,1,Frozen preferred
LIN-00899,REQ-00356,ITM-0073,4,
LIN-00900,REQ-00356,ITM-0088,2,Substitute if unavailable
LIN-00901,REQ-00357,ITM-0106,3,
LIN-00902,REQ-00357,ITM-0136,1,Substitute if unavailable
LIN-00903,REQ-00357,ITM-0100,3,Substitute if unavailable
LIN-00904,REQ-00357,ITM-0099,2,Per client request
LIN-00905,REQ-00358,ITM-0009,4,Per client request
LIN-00906,REQ-00358,ITM-0110,4,Frozen preferred
LIN-00907,REQ-00358,ITM-0006,3,Substitute if unavailable
LIN-00908,REQ-00358,ITM-0021,3,
LIN-00909,REQ-00359,ITM-0078,3,Per client request
LIN-00910,REQ-00359,ITM-0033,2,
LIN-00911,REQ-00360,ITM-0017,1,Extra portion
LIN-00912,REQ-00360,ITM-0068,4,
LIN-00913,REQ-00361,ITM-0005,5,
LIN-00914,REQ-00362,ITM-0092,1,Frozen preferred
LIN-00915,REQ-00363,ITM-0008,5,
LIN-00916,REQ-00363,ITM-0047,3,Extra portion
LIN-00917,REQ-00364,ITM-0009,2,Substitute if unavailable
LIN-00918,REQ-00364,ITM-0067,1,Extra portion
LIN-00919,REQ-00365,ITM-0019,3,
LIN-00920,REQ-00366,ITM-0106,4,
LIN-00921,REQ-00366,ITM-0080,5,Per client request
LIN-00922,REQ-00366,ITM-0081,1,Frozen preferred
LIN-00923,REQ-00366,ITM-0076,5,Frozen preferred
LIN-00924,REQ-00367,ITM-0120,4,
LIN-00925,REQ-00367,ITM-0118,2,Per client request
LIN-00926,REQ-00367,ITM-0080,2,Extra portion
LIN-00927,REQ-00367,ITM-0145,5,
LIN-00928,REQ-00368,ITM-0122,3,Extra portion
LIN-00929,REQ-00368,ITM-0148,3,Extra portion
LIN-00930,REQ-00368,ITM-0104,4,Substitute if unavailable
LIN-00931,REQ-00369,ITM-0108,3,Frozen preferred
LIN-00932,REQ-00369,ITM-0048,1,Extra portion
LIN-00933,REQ-00370,ITM-0123,4,Per client request
LIN-00934,REQ-00370,ITM-0058,3,
LIN-00935,REQ-00370,ITM-0058,4,Extra portion
LIN-00936,REQ-00371,ITM-0125,5,Substitute if unavailable
LIN-00937,REQ-00371,ITM-0093,4,Substitute if unavailable
LIN-00938,REQ-00371,ITM-0108,2,
LIN-00939,REQ-00371,ITM-0090,1,
LIN-00940,REQ-00372,ITM-0110,4,
LIN-00941,REQ-00372,ITM-0145,3,Substitute if unavailable
LIN-00942,REQ-00373,ITM-0081,3,Per client request
LIN-00943,REQ-00373,ITM-0090,1,
LIN-00944,REQ-00373,ITM-0097,3,Substitute if unavailable
LIN-00945,REQ-00373,ITM-0134,3,
LIN-00946,REQ-00374,ITM-0004,4,Substitute if unavailable
LIN-00947,REQ-00374,ITM-0019,4,Substitute if unavailable
LIN-00948,REQ-00374,ITM-0063,3,Per client request
LIN-00949,REQ-00375,ITM-0112,2,Per client request
LIN-00950,REQ-00376,ITM-0099,3,Frozen preferred
LIN-00951,REQ-00377,ITM-0109,2,Extra portion
LIN-00952,REQ-00377,ITM-0150,5,
LIN-00953,REQ-00378,ITM-0011,4,Frozen preferred
LIN-00954,REQ-00378,ITM-0047,5,
LIN-00955,REQ-00378,ITM-0006,1,Frozen preferred
LIN-00956,REQ-00378,ITM-0022,4,
LIN-00957,REQ-00379,ITM-0091,1,Substitute if unavailable
LIN-00958,REQ-00379,ITM-0026,5,Extra portion
LIN-00959,REQ-00379,ITM-0095,2,Per client request
LIN-00960,REQ-00380,ITM-0085,4,Extra portion
LIN-00961,REQ-00381,ITM-0133,1,Per client request
LIN-00962,REQ-00381,ITM-0138,1,
LIN-00963,REQ-00382,ITM-0034,1,
LIN-00964,REQ-00382,ITM-0040,1,Per client request
LIN-00965,REQ-00382,ITM-0027,3,
LIN-00966,REQ-00383,ITM-0010,2,Per client request
LIN-00967,REQ-00383,ITM-0006,2,Per client request
LIN-00968,REQ-00383,ITM-0107,3,
LIN-00969,REQ-00383,ITM-0072,2,
LIN-00970,REQ-00384,ITM-0109,3,Per client request
LIN-00971,REQ-00384,ITM-0056,3,Substitute if unavailable
LIN-00972,REQ-00385,ITM-0070,4,Substitute if unavailable
LIN-00973,REQ-00385,ITM-0091,4,
LIN-00974,REQ-00386,ITM-0032,4,
LIN-00975,REQ-00387,ITM-0059,3,
LIN-00976,REQ-00387,ITM-0130,4,
LIN-00977,REQ-00388,ITM-0036,4,
LIN-00978,REQ-00388,ITM-0041,5,Extra portion
LIN-00979,REQ-00389,ITM-0110,1,
LIN-00980,REQ-00389,ITM-0105,3,
LIN-00981,REQ-00389,ITM-0032,4,
LIN-00982,REQ-00389,ITM-0042,1,Frozen preferred
LIN-00983,REQ-00390,ITM-0069,4,
LIN-00984,REQ-00391,ITM-0144,3,Substitute if unavailable
LIN-00985,REQ-00391,ITM-0051,4,Extra portion
LIN-00986,REQ-00391,ITM-0091,5,Per client request
LIN-00987,REQ-00391,ITM-0054,4,
LIN-00988,REQ-00392,ITM-0105,1,Frozen preferred
LIN-00989,REQ-00392,ITM-0050,5,
LIN-00990,REQ-00392,ITM-0074,5,
LIN-00991,REQ-00393,ITM-0037,2,
LIN-00992,REQ-00393,ITM-0091,4,Substitute if unavailable
LIN-00993,REQ-00393,ITM-0092,2,Frozen preferred
LIN-00994,REQ-00393,ITM-0031,2,
LIN-00995,REQ-00394,ITM-0138,5,
LIN-00996,REQ-00395,ITM-0063,4,Substitute if unavailable
LIN-00997,REQ-00396,ITM-0010,5,Substitute if unavailable
LIN-00998,REQ-00397,ITM-0115,4,
LIN-00999,REQ-00398,ITM-0106,3,
LIN-01000,REQ-00398,ITM-0058,3,Extra portion
