duplicate_flag_id,client_id_primary,client_id_secondary,match_score,possible_duplicate_reason,review_status,review_decision_date,reviewer_org_id
DUP-0001,CLI-0476,CLI-0801,0.86,exact_name_dob_match,unreviewed,,ORG-0002
DUP-0002,CLI-0357,CLI-0802,0.81,exact_name_dob_match,unreviewed,,ORG-0001
DUP-0003,CLI-0185,CLI-0822,0.84,phonetic_name_match,unreviewed,,ORG-0001
DUP-0004,CLI-0239,CLI-0812,0.85,phone_only_match,unreviewed,,ORG-0004
DUP-0005,CLI-0655,CLI-0830,0.9,address_drift_match,not_duplicate,2024-02-13,ORG-0005
DUP-0006,CLI-0265,CLI-0817,0.89,phone_only_match,not_duplicate,2023-02-06,ORG-0002
DUP-0007,CLI-0361,CLI-0829,0.82,exact_name_dob_match,not_duplicate,2023-10-09,ORG-0004
DUP-0008,CLI-0360,CLI-0827,0.85,exact_name_dob_match,unreviewed,,ORG-0004
DUP-0009,CLI-0414,CLI-0820,0.92,phone_only_match,unreviewed,,ORG-0009
DUP-0010,CLI-0605,CLI-0833,0.94,alias_cross_ref,unreviewed,,ORG-0003
DUP-0011,CLI-0357,CLI-0802,0.98,alias_cross_ref,unreviewed,,ORG-0006
DUP-0012,CLI-0605,CLI-0833,0.98,phone_only_match,confirmed_duplicate,2023-12-13,ORG-0001
DUP-0013,CLI-0529,CLI-0813,0.81,alias_cross_ref,confirmed_duplicate,2025-01-22,ORG-0008
DUP-0014,CLI-0298,CLI-0809,0.8,phone_only_match,confirmed_duplicate,2024-06-27,ORG-0004
DUP-0015,CLI-0183,CLI-0807,0.95,phone_only_match,unreviewed,,ORG-0007
DUP-0016,CLI-0414,CLI-0820,0.79,address_drift_match,confirmed_duplicate,2023-04-21,ORG-0004
DUP-0017,CLI-0465,CLI-0811,0.96,phone_only_match,confirmed_duplicate,2024-08-15,ORG-0006
DUP-0018,CLI-0529,CLI-0813,0.81,address_drift_match,not_duplicate,2023-02-22,ORG-0002
DUP-0019,CLI-0476,CLI-0801,0.82,address_drift_match,unreviewed,,ORG-0007
DUP-0020,CLI-0789,CLI-0834,0.85,address_drift_match,confirmed_duplicate,2026-02-24,ORG-0008
DUP-0021,CLI-0159,CLI-0805,0.95,phone_only_match,confirmed_duplicate,2023-10-24,ORG-0002
DUP-0022,CLI-0751,CLI-0838,0.97,phonetic_name_match,confirmed_duplicate,2024-11-10,ORG-0001
DUP-0023,CLI-0573,CLI-0832,0.99,phone_only_match,confirmed_duplicate,2025-03-10,ORG-0007
DUP-0024,CLI-0261,CLI-0839,0.96,alias_cross_ref,unreviewed,,ORG-0002
DUP-0025,CLI-0261,CLI-0839,0.92,phone_only_match,unreviewed,,ORG-0003
DUP-0026,CLI-0598,CLI-0808,0.92,exact_name_dob_match,confirmed_duplicate,2024-02-26,ORG-0003
DUP-0027,CLI-0751,CLI-0838,0.79,alias_cross_ref,merged,2024-09-07,ORG-0003
DUP-0028,CLI-0380,CLI-0810,0.97,address_drift_match,unreviewed,,ORG-0003
DUP-0029,CLI-0070,CLI-0816,0.9,alias_cross_ref,unreviewed,,ORG-0009
DUP-0030,CLI-0361,CLI-0829,0.87,phone_only_match,unreviewed,,ORG-0003
DUP-0031,CLI-0414,CLI-0820,0.82,address_drift_match,unreviewed,,ORG-0006
DUP-0032,CLI-0550,CLI-0837,0.78,address_drift_match,not_duplicate,2023-01-28,ORG-0009
DUP-0033,CLI-0655,CLI-0830,0.96,exact_name_dob_match,confirmed_duplicate,2025-06-17,ORG-0007
DUP-0034,CLI-0070,CLI-0816,0.82,phone_only_match,unreviewed,,ORG-0001
DUP-0035,CLI-0542,CLI-0818,0.77,phone_only_match,unreviewed,,ORG-0004
DUP-0036,CLI-0602,CLI-0835,0.97,exact_name_dob_match,unreviewed,,ORG-0006
DUP-0037,CLI-0789,CLI-0834,0.9,phonetic_name_match,not_duplicate,2024-02-01,ORG-0001
DUP-0038,CLI-0170,CLI-0814,0.88,phonetic_name_match,confirmed_duplicate,2023-02-11,ORG-0006
DUP-0039,CLI-0598,CLI-0808,0.78,phone_only_match,confirmed_duplicate,2024-06-03,ORG-0003
DUP-0040,CLI-0261,CLI-0839,0.84,alias_cross_ref,unreviewed,,ORG-0002
DUP-0041,CLI-0529,CLI-0813,0.87,alias_cross_ref,not_duplicate,2023-07-30,ORG-0009
DUP-0042,CLI-0032,CLI-0823,0.84,phone_only_match,not_duplicate,2025-07-31,ORG-0007
DUP-0043,CLI-0751,CLI-0838,0.96,exact_name_dob_match,confirmed_duplicate,2025-05-15,ORG-0001
DUP-0044,CLI-0360,CLI-0827,0.84,address_drift_match,confirmed_duplicate,2024-08-22,ORG-0005
DUP-0045,CLI-0155,CLI-0825,0.77,alias_cross_ref,unreviewed,,ORG-0006
DUP-0046,CLI-0598,CLI-0808,0.85,alias_cross_ref,unreviewed,,ORG-0005
DUP-0047,CLI-0476,CLI-0801,0.89,address_drift_match,not_duplicate,2024-11-09,ORG-0007
DUP-0048,CLI-0476,CLI-0801,0.77,address_drift_match,not_duplicate,2024-11-01,ORG-0001
DUP-0049,CLI-0714,CLI-0836,0.76,phone_only_match,unreviewed,,ORG-0007
DUP-0050,CLI-0616,CLI-0840,0.85,exact_name_dob_match,confirmed_duplicate,2025-04-18,ORG-0008
DUP-0051,CLI-0357,CLI-0802,0.92,exact_name_dob_match,unreviewed,,ORG-0005
DUP-0052,CLI-0298,CLI-0809,0.77,alias_cross_ref,unreviewed,,ORG-0002
DUP-0053,CLI-0185,CLI-0822,0.84,phonetic_name_match,unreviewed,,ORG-0008
DUP-0054,CLI-0655,CLI-0830,0.88,address_drift_match,merged,2023-05-15,ORG-0003
DUP-0055,CLI-0360,CLI-0827,0.9,phonetic_name_match,unreviewed,,ORG-0005
DUP-0056,CLI-0159,CLI-0805,0.83,exact_name_dob_match,not_duplicate,2025-05-29,ORG-0006
DUP-0057,CLI-0073,CLI-0819,0.8,phonetic_name_match,unreviewed,,ORG-0001
DUP-0058,CLI-0073,CLI-0819,0.83,address_drift_match,unreviewed,,ORG-0001
DUP-0059,CLI-0211,CLI-0806,0.77,alias_cross_ref,confirmed_duplicate,2023-03-30,ORG-0008
DUP-0060,CLI-0255,CLI-0803,0.8,phonetic_name_match,unreviewed,,ORG-0003
DUP-0061,CLI-0361,CLI-0829,0.97,exact_name_dob_match,unreviewed,,ORG-0003
DUP-0062,CLI-0239,CLI-0812,0.95,alias_cross_ref,confirmed_duplicate,2026-01-05,ORG-0008
DUP-0063,CLI-0465,CLI-0811,0.95,phone_only_match,unreviewed,,ORG-0003
DUP-0064,CLI-0239,CLI-0812,0.76,exact_name_dob_match,unreviewed,,ORG-0006
DUP-0065,CLI-0261,CLI-0839,0.83,phone_only_match,merged,2025-08-19,ORG-0001
DUP-0066,CLI-0737,CLI-0828,0.76,address_drift_match,unreviewed,,ORG-0003
DUP-0067,CLI-0518,CLI-0826,0.76,phonetic_name_match,unreviewed,,ORG-0007
DUP-0068,CLI-0518,CLI-0826,0.9,exact_name_dob_match,unreviewed,,ORG-0005
DUP-0069,CLI-0380,CLI-0810,0.81,exact_name_dob_match,unreviewed,,ORG-0006
DUP-0070,CLI-0155,CLI-0825,0.77,address_drift_match,not_duplicate,2024-03-30,ORG-0007
DUP-0071,CLI-0465,CLI-0811,0.95,address_drift_match,confirmed_duplicate,2023-04-20,ORG-0007
DUP-0072,CLI-0360,CLI-0827,0.94,exact_name_dob_match,unreviewed,,ORG-0006
DUP-0073,CLI-0070,CLI-0816,0.96,alias_cross_ref,not_duplicate,2024-04-19,ORG-0002
DUP-0074,CLI-0598,CLI-0808,0.9,alias_cross_ref,merged,2024-04-13,ORG-0006
DUP-0075,CLI-0357,CLI-0802,0.92,phone_only_match,unreviewed,,ORG-0003
DUP-0076,CLI-0185,CLI-0822,0.82,alias_cross_ref,confirmed_duplicate,2023-09-10,ORG-0008
DUP-0077,CLI-0073,CLI-0819,0.76,alias_cross_ref,confirmed_duplicate,2025-03-19,ORG-0002
DUP-0078,CLI-0265,CLI-0817,0.92,phonetic_name_match,merged,2026-03-24,ORG-0002
DUP-0079,CLI-0360,CLI-0827,0.93,phone_only_match,unreviewed,,ORG-0002
DUP-0080,CLI-0094,CLI-0815,0.77,phone_only_match,unreviewed,,ORG-0003
DUP-0081,CLI-0261,CLI-0839,0.97,phonetic_name_match,merged,2025-02-21,ORG-0005
DUP-0082,CLI-0714,CLI-0836,0.8,address_drift_match,confirmed_duplicate,2025-11-26,ORG-0003
DUP-0083,CLI-0265,CLI-0817,0.87,phonetic_name_match,confirmed_duplicate,2024-03-12,ORG-0008
DUP-0084,CLI-0602,CLI-0835,0.78,phone_only_match,unreviewed,,ORG-0009
DUP-0085,CLI-0261,CLI-0839,0.92,exact_name_dob_match,unreviewed,,ORG-0002
DUP-0086,CLI-0602,CLI-0835,0.85,phonetic_name_match,not_duplicate,2026-02-26,ORG-0002
DUP-0087,CLI-0714,CLI-0836,0.76,alias_cross_ref,confirmed_duplicate,2023-10-23,ORG-0004
DUP-0088,CLI-0757,CLI-0804,0.76,alias_cross_ref,not_duplicate,2024-06-25,ORG-0003
DUP-0089,CLI-0474,CLI-0831,0.98,phone_only_match,unreviewed,,ORG-0008
DUP-0090,CLI-0073,CLI-0819,0.89,address_drift_match,confirmed_duplicate,2024-03-24,ORG-0002
DUP-0091,CLI-0602,CLI-0835,0.88,alias_cross_ref,unreviewed,,ORG-0004
DUP-0092,CLI-0542,CLI-0818,0.83,address_drift_match,unreviewed,,ORG-0005
DUP-0093,CLI-0550,CLI-0837,0.9,phone_only_match,unreviewed,,ORG-0008
DUP-0094,CLI-0602,CLI-0835,0.98,exact_name_dob_match,unreviewed,,ORG-0004
DUP-0095,CLI-0185,CLI-0822,0.8,phonetic_name_match,unreviewed,,ORG-0002
DUP-0096,CLI-0183,CLI-0807,0.85,phone_only_match,confirmed_duplicate,2025-01-01,ORG-0007
DUP-0097,CLI-0073,CLI-0819,0.76,phone_only_match,not_duplicate,2024-09-05,ORG-0002
DUP-0098,CLI-0529,CLI-0813,0.94,alias_cross_ref,unreviewed,,ORG-0005
DUP-0099,CLI-0737,CLI-0828,0.9,address_drift_match,not_duplicate,2024-10-05,ORG-0002
DUP-0100,CLI-0751,CLI-0838,0.97,address_drift_match,confirmed_duplicate,2023-09-13,ORG-0001
DUP-0101,CLI-0789,CLI-0834,0.76,phone_only_match,unreviewed,,ORG-0005
DUP-0102,CLI-0616,CLI-0840,0.81,exact_name_dob_match,confirmed_duplicate,2024-12-26,ORG-0004
DUP-0103,CLI-0598,CLI-0808,0.93,alias_cross_ref,unreviewed,,ORG-0004
DUP-0104,CLI-0185,CLI-0822,0.84,exact_name_dob_match,unreviewed,,ORG-0007
DUP-0105,CLI-0032,CLI-0823,0.86,exact_name_dob_match,not_duplicate,2024-07-17,ORG-0006
DUP-0106,CLI-0751,CLI-0838,0.97,phonetic_name_match,confirmed_duplicate,2025-04-02,ORG-0003
DUP-0107,CLI-0255,CLI-0803,0.78,phone_only_match,confirmed_duplicate,2024-08-24,ORG-0002
DUP-0108,CLI-0263,CLI-0821,0.93,phonetic_name_match,unreviewed,,ORG-0007
DUP-0109,CLI-0403,CLI-0824,0.86,phonetic_name_match,confirmed_duplicate,2026-01-03,ORG-0001
DUP-0110,CLI-0789,CLI-0834,0.82,address_drift_match,not_duplicate,2025-03-28,ORG-0004
DUP-0111,CLI-0602,CLI-0835,0.98,phone_only_match,confirmed_duplicate,2023-12-07,ORG-0008
DUP-0112,CLI-0357,CLI-0802,0.89,phonetic_name_match,confirmed_duplicate,2025-12-22,ORG-0005
DUP-0113,CLI-0465,CLI-0811,0.94,exact_name_dob_match,confirmed_duplicate,2024-07-07,ORG-0004
DUP-0114,CLI-0655,CLI-0830,0.79,phone_only_match,unreviewed,,ORG-0004
DUP-0115,CLI-0263,CLI-0821,0.91,exact_name_dob_match,not_duplicate,2025-12-07,ORG-0007
DUP-0116,CLI-0032,CLI-0823,0.75,address_drift_match,confirmed_duplicate,2024-05-05,ORG-0009
DUP-0117,CLI-0605,CLI-0833,0.77,exact_name_dob_match,merged,2023-08-17,ORG-0006
DUP-0118,CLI-0616,CLI-0840,0.94,alias_cross_ref,unreviewed,,ORG-0003
DUP-0119,CLI-0655,CLI-0830,0.93,phonetic_name_match,confirmed_duplicate,2025-11-25,ORG-0008
DUP-0120,CLI-0474,CLI-0831,0.79,phone_only_match,unreviewed,,ORG-0008
DUP-0121,CLI-0465,CLI-0811,0.86,phone_only_match,not_duplicate,2023-12-25,ORG-0006
DUP-0122,CLI-0380,CLI-0810,0.91,phonetic_name_match,unreviewed,,ORG-0002
DUP-0123,CLI-0265,CLI-0817,0.98,phonetic_name_match,not_duplicate,2026-02-27,ORG-0008
DUP-0124,CLI-0414,CLI-0820,0.8,phone_only_match,unreviewed,,ORG-0009
DUP-0125,CLI-0737,CLI-0828,0.91,address_drift_match,unreviewed,,ORG-0004
DUP-0126,CLI-0170,CLI-0814,0.98,address_drift_match,not_duplicate,2024-12-20,ORG-0006
DUP-0127,CLI-0465,CLI-0811,0.84,phonetic_name_match,unreviewed,,ORG-0004
DUP-0128,CLI-0737,CLI-0828,0.88,alias_cross_ref,confirmed_duplicate,2023-10-08,ORG-0003
DUP-0129,CLI-0183,CLI-0807,0.92,phone_only_match,unreviewed,,ORG-0007
DUP-0130,CLI-0360,CLI-0827,0.76,address_drift_match,unreviewed,,ORG-0009
DUP-0131,CLI-0737,CLI-0828,0.94,phone_only_match,unreviewed,,ORG-0007
DUP-0132,CLI-0616,CLI-0840,0.94,address_drift_match,unreviewed,,ORG-0005
DUP-0133,CLI-0360,CLI-0827,0.93,phone_only_match,unreviewed,,ORG-0007
DUP-0134,CLI-0255,CLI-0803,0.99,phone_only_match,merged,2026-03-12,ORG-0005
DUP-0135,CLI-0159,CLI-0805,0.78,alias_cross_ref,unreviewed,,ORG-0007
DUP-0136,CLI-0714,CLI-0836,0.83,exact_name_dob_match,unreviewed,,ORG-0002
DUP-0137,CLI-0073,CLI-0819,0.95,phone_only_match,confirmed_duplicate,2025-07-06,ORG-0006
DUP-0138,CLI-0263,CLI-0821,0.84,exact_name_dob_match,confirmed_duplicate,2023-11-04,ORG-0007
DUP-0139,CLI-0183,CLI-0807,0.87,phone_only_match,confirmed_duplicate,2026-04-06,ORG-0005
DUP-0140,CLI-0298,CLI-0809,0.9,address_drift_match,unreviewed,,ORG-0005
DUP-0141,CLI-0185,CLI-0822,0.8,phonetic_name_match,unreviewed,,ORG-0006
DUP-0142,CLI-0616,CLI-0840,0.94,exact_name_dob_match,confirmed_duplicate,2023-07-26,ORG-0005
DUP-0143,CLI-0032,CLI-0823,0.84,phone_only_match,unreviewed,,ORG-0005
DUP-0144,CLI-0476,CLI-0801,0.88,alias_cross_ref,merged,2023-01-11,ORG-0009
DUP-0145,CLI-0414,CLI-0820,0.78,address_drift_match,merged,2024-06-21,ORG-0001
DUP-0146,CLI-0789,CLI-0834,0.87,alias_cross_ref,merged,2023-04-19,ORG-0009
DUP-0147,CLI-0170,CLI-0814,0.91,address_drift_match,unreviewed,,ORG-0006
DUP-0148,CLI-0757,CLI-0804,0.82,alias_cross_ref,confirmed_duplicate,2024-09-02,ORG-0009
DUP-0149,CLI-0655,CLI-0830,0.8,address_drift_match,confirmed_duplicate,2023-11-17,ORG-0003
DUP-0150,CLI-0185,CLI-0822,0.76,phonetic_name_match,confirmed_duplicate,2024-09-08,ORG-0007
DUP-0151,CLI-0361,CLI-0829,0.87,address_drift_match,unreviewed,,ORG-0006
DUP-0152,CLI-0361,CLI-0829,0.87,phonetic_name_match,confirmed_duplicate,2023-11-20,ORG-0007
DUP-0153,CLI-0360,CLI-0827,0.93,phonetic_name_match,merged,2024-05-28,ORG-0008
DUP-0154,CLI-0159,CLI-0805,0.86,phonetic_name_match,confirmed_duplicate,2023-06-15,ORG-0004
DUP-0155,CLI-0789,CLI-0834,0.76,alias_cross_ref,unreviewed,,ORG-0004
DUP-0156,CLI-0255,CLI-0803,0.77,phonetic_name_match,unreviewed,,ORG-0004
DUP-0157,CLI-0070,CLI-0816,0.9,phonetic_name_match,confirmed_duplicate,2025-03-08,ORG-0009
DUP-0158,CLI-0598,CLI-0808,0.94,phonetic_name_match,not_duplicate,2023-06-18,ORG-0003
DUP-0159,CLI-0751,CLI-0838,0.79,address_drift_match,confirmed_duplicate,2024-02-26,ORG-0002
DUP-0160,CLI-0751,CLI-0838,0.99,phonetic_name_match,not_duplicate,2024-09-25,ORG-0004
DUP-0161,CLI-0298,CLI-0809,0.76,exact_name_dob_match,unreviewed,,ORG-0008
DUP-0162,CLI-0360,CLI-0827,0.81,phonetic_name_match,confirmed_duplicate,2023-12-11,ORG-0003
DUP-0163,CLI-0655,CLI-0830,0.76,phone_only_match,unreviewed,,ORG-0001
DUP-0164,CLI-0616,CLI-0840,0.94,address_drift_match,confirmed_duplicate,2023-08-12,ORG-0005
DUP-0165,CLI-0261,CLI-0839,0.79,alias_cross_ref,unreviewed,,ORG-0008
DUP-0166,CLI-0403,CLI-0824,0.82,address_drift_match,unreviewed,,ORG-0002
DUP-0167,CLI-0616,CLI-0840,0.8,alias_cross_ref,confirmed_duplicate,2023-04-12,ORG-0007
DUP-0168,CLI-0361,CLI-0829,0.77,exact_name_dob_match,unreviewed,,ORG-0008
DUP-0169,CLI-0265,CLI-0817,0.84,exact_name_dob_match,unreviewed,,ORG-0009
DUP-0170,CLI-0518,CLI-0826,0.82,alias_cross_ref,unreviewed,,ORG-0003
DUP-0171,CLI-0361,CLI-0829,0.8,phone_only_match,unreviewed,,ORG-0009
DUP-0172,CLI-0073,CLI-0819,0.94,address_drift_match,unreviewed,,ORG-0007
DUP-0173,CLI-0032,CLI-0823,0.98,exact_name_dob_match,unreviewed,,ORG-0002
DUP-0174,CLI-0598,CLI-0808,0.76,phone_only_match,unreviewed,,ORG-0001
DUP-0175,CLI-0757,CLI-0804,0.91,exact_name_dob_match,unreviewed,,ORG-0006
DUP-0176,CLI-0602,CLI-0835,0.77,exact_name_dob_match,unreviewed,,ORG-0005
DUP-0177,CLI-0159,CLI-0805,0.94,phone_only_match,unreviewed,,ORG-0008
DUP-0178,CLI-0361,CLI-0829,0.77,phonetic_name_match,unreviewed,,ORG-0004
DUP-0179,CLI-0263,CLI-0821,0.9,address_drift_match,confirmed_duplicate,2024-12-14,ORG-0005
DUP-0180,CLI-0298,CLI-0809,0.97,address_drift_match,unreviewed,,ORG-0006
DUP-0181,CLI-0655,CLI-0830,0.98,phone_only_match,confirmed_duplicate,2023-06-23,ORG-0001
DUP-0182,CLI-0542,CLI-0818,0.98,address_drift_match,unreviewed,,ORG-0006
DUP-0183,CLI-0602,CLI-0835,0.94,exact_name_dob_match,confirmed_duplicate,2024-10-29,ORG-0001
DUP-0184,CLI-0073,CLI-0819,0.88,phone_only_match,confirmed_duplicate,2023-07-17,ORG-0009
DUP-0185,CLI-0655,CLI-0830,0.93,phonetic_name_match,confirmed_duplicate,2025-02-08,ORG-0009
DUP-0186,CLI-0357,CLI-0802,0.97,exact_name_dob_match,confirmed_duplicate,2023-12-31,ORG-0001
DUP-0187,CLI-0185,CLI-0822,0.97,address_drift_match,confirmed_duplicate,2025-09-29,ORG-0001
DUP-0188,CLI-0616,CLI-0840,0.95,address_drift_match,unreviewed,,ORG-0004
DUP-0189,CLI-0573,CLI-0832,0.76,alias_cross_ref,unreviewed,,ORG-0005
DUP-0190,CLI-0737,CLI-0828,0.77,phonetic_name_match,confirmed_duplicate,2023-11-02,ORG-0007
DUP-0191,CLI-0183,CLI-0807,0.87,address_drift_match,not_duplicate,2023-12-23,ORG-0001
DUP-0192,CLI-0602,CLI-0835,0.8,exact_name_dob_match,unreviewed,,ORG-0006
DUP-0193,CLI-0255,CLI-0803,0.81,phonetic_name_match,not_duplicate,2023-06-11,ORG-0009
DUP-0194,CLI-0170,CLI-0814,0.77,exact_name_dob_match,not_duplicate,2024-12-11,ORG-0002
DUP-0195,CLI-0361,CLI-0829,0.76,alias_cross_ref,unreviewed,,ORG-0009
DUP-0196,CLI-0529,CLI-0813,0.87,alias_cross_ref,confirmed_duplicate,2024-09-25,ORG-0004
DUP-0197,CLI-0714,CLI-0836,0.82,exact_name_dob_match,confirmed_duplicate,2024-04-16,ORG-0009
DUP-0198,CLI-0159,CLI-0805,0.8,phonetic_name_match,confirmed_duplicate,2024-02-23,ORG-0001
DUP-0199,CLI-0032,CLI-0823,0.95,phone_only_match,confirmed_duplicate,2025-05-05,ORG-0009
DUP-0200,CLI-0542,CLI-0818,0.87,phonetic_name_match,unreviewed,,ORG-0009
DUP-0201,CLI-0183,CLI-0807,0.97,address_drift_match,unreviewed,,ORG-0002
DUP-0202,CLI-0550,CLI-0837,0.94,phone_only_match,unreviewed,,ORG-0001
DUP-0203,CLI-0263,CLI-0821,0.81,phone_only_match,unreviewed,,ORG-0008
DUP-0204,CLI-0255,CLI-0803,0.95,alias_cross_ref,confirmed_duplicate,2025-08-11,ORG-0006
DUP-0205,CLI-0737,CLI-0828,0.9,exact_name_dob_match,confirmed_duplicate,2024-05-14,ORG-0009
DUP-0206,CLI-0714,CLI-0836,0.83,alias_cross_ref,confirmed_duplicate,2025-12-01,ORG-0007
DUP-0207,CLI-0403,CLI-0824,0.91,alias_cross_ref,not_duplicate,2024-07-11,ORG-0005
DUP-0208,CLI-0476,CLI-0801,0.75,alias_cross_ref,unreviewed,,ORG-0006
DUP-0209,CLI-0070,CLI-0816,0.93,alias_cross_ref,not_duplicate,2023-12-09,ORG-0002
DUP-0210,CLI-0183,CLI-0807,0.81,phonetic_name_match,unreviewed,,ORG-0003
DUP-0211,CLI-0616,CLI-0840,0.97,address_drift_match,confirmed_duplicate,2024-04-22,ORG-0002
DUP-0212,CLI-0298,CLI-0809,0.89,phonetic_name_match,not_duplicate,2024-05-27,ORG-0008
DUP-0213,CLI-0185,CLI-0822,0.85,address_drift_match,confirmed_duplicate,2023-11-20,ORG-0009
DUP-0214,CLI-0751,CLI-0838,0.89,alias_cross_ref,merged,2024-08-10,ORG-0005
DUP-0215,CLI-0789,CLI-0834,0.97,alias_cross_ref,not_duplicate,2025-09-09,ORG-0001
DUP-0216,CLI-0616,CLI-0840,0.94,address_drift_match,unreviewed,,ORG-0006
DUP-0217,CLI-0474,CLI-0831,0.79,alias_cross_ref,not_duplicate,2023-08-15,ORG-0006
DUP-0218,CLI-0616,CLI-0840,0.8,alias_cross_ref,unreviewed,,ORG-0002
DUP-0219,CLI-0261,CLI-0839,0.84,exact_name_dob_match,merged,2026-02-21,ORG-0006
DUP-0220,CLI-0414,CLI-0820,0.96,address_drift_match,not_duplicate,2025-01-27,ORG-0001
DUP-0221,CLI-0542,CLI-0818,0.95,exact_name_dob_match,merged,2023-11-04,ORG-0002
DUP-0222,CLI-0070,CLI-0816,0.93,alias_cross_ref,unreviewed,,ORG-0006
DUP-0223,CLI-0598,CLI-0808,0.92,address_drift_match,confirmed_duplicate,2023-06-21,ORG-0002
DUP-0224,CLI-0616,CLI-0840,0.92,address_drift_match,unreviewed,,ORG-0003
DUP-0225,CLI-0070,CLI-0816,0.85,phonetic_name_match,unreviewed,,ORG-0002
DUP-0226,CLI-0261,CLI-0839,0.91,alias_cross_ref,not_duplicate,2025-01-03,ORG-0005
DUP-0227,CLI-0789,CLI-0834,0.82,address_drift_match,confirmed_duplicate,2025-12-17,ORG-0004
DUP-0228,CLI-0655,CLI-0830,0.77,phonetic_name_match,unreviewed,,ORG-0004
DUP-0229,CLI-0265,CLI-0817,0.95,alias_cross_ref,unreviewed,,ORG-0005
DUP-0230,CLI-0757,CLI-0804,0.91,exact_name_dob_match,unreviewed,,ORG-0005
DUP-0231,CLI-0265,CLI-0817,0.88,exact_name_dob_match,confirmed_duplicate,2026-01-04,ORG-0006
DUP-0232,CLI-0159,CLI-0805,0.84,phone_only_match,confirmed_duplicate,2024-05-20,ORG-0002
DUP-0233,CLI-0655,CLI-0830,0.76,address_drift_match,unreviewed,,ORG-0008
DUP-0234,CLI-0361,CLI-0829,0.89,alias_cross_ref,unreviewed,,ORG-0003
DUP-0235,CLI-0261,CLI-0839,0.87,phone_only_match,confirmed_duplicate,2023-09-29,ORG-0004
DUP-0236,CLI-0261,CLI-0839,0.9,phonetic_name_match,unreviewed,,ORG-0002
DUP-0237,CLI-0185,CLI-0822,0.9,phonetic_name_match,unreviewed,,ORG-0003
DUP-0238,CLI-0465,CLI-0811,0.95,exact_name_dob_match,confirmed_duplicate,2025-07-10,ORG-0004
DUP-0239,CLI-0211,CLI-0806,0.79,phone_only_match,unreviewed,,ORG-0003
DUP-0240,CLI-0239,CLI-0812,0.94,exact_name_dob_match,confirmed_duplicate,2025-01-10,ORG-0004
DUP-0241,CLI-0032,CLI-0823,0.95,phone_only_match,confirmed_duplicate,2025-04-02,ORG-0007
DUP-0242,CLI-0529,CLI-0813,0.8,address_drift_match,confirmed_duplicate,2025-10-17,ORG-0002
DUP-0243,CLI-0073,CLI-0819,0.92,exact_name_dob_match,unreviewed,,ORG-0006
DUP-0244,CLI-0155,CLI-0825,0.96,phonetic_name_match,confirmed_duplicate,2024-07-27,ORG-0003
DUP-0245,CLI-0070,CLI-0816,0.75,exact_name_dob_match,unreviewed,,ORG-0008
DUP-0246,CLI-0465,CLI-0811,0.83,exact_name_dob_match,unreviewed,,ORG-0009
DUP-0247,CLI-0070,CLI-0816,0.85,exact_name_dob_match,not_duplicate,2024-06-14,ORG-0005
DUP-0248,CLI-0155,CLI-0825,0.84,alias_cross_ref,unreviewed,,ORG-0007
DUP-0249,CLI-0474,CLI-0831,0.98,alias_cross_ref,confirmed_duplicate,2025-12-21,ORG-0008
DUP-0250,CLI-0751,CLI-0838,0.85,phonetic_name_match,unreviewed,,ORG-0005
DUP-0251,CLI-0211,CLI-0806,0.83,alias_cross_ref,not_duplicate,2023-06-13,ORG-0003
DUP-0252,CLI-0518,CLI-0826,0.76,alias_cross_ref,not_duplicate,2024-10-23,ORG-0008
DUP-0253,CLI-0380,CLI-0810,0.85,phone_only_match,confirmed_duplicate,2023-07-09,ORG-0002
DUP-0254,CLI-0789,CLI-0834,0.95,alias_cross_ref,unreviewed,,ORG-0002
DUP-0255,CLI-0357,CLI-0802,0.76,exact_name_dob_match,confirmed_duplicate,2025-05-25,ORG-0004
DUP-0256,CLI-0032,CLI-0823,0.84,phone_only_match,unreviewed,,ORG-0006
DUP-0257,CLI-0261,CLI-0839,0.76,phone_only_match,unreviewed,,ORG-0008
DUP-0258,CLI-0360,CLI-0827,0.75,alias_cross_ref,confirmed_duplicate,2024-06-30,ORG-0007
DUP-0259,CLI-0265,CLI-0817,0.93,alias_cross_ref,unreviewed,,ORG-0006
DUP-0260,CLI-0094,CLI-0815,0.88,address_drift_match,unreviewed,,ORG-0009
DUP-0261,CLI-0573,CLI-0832,0.89,phonetic_name_match,unreviewed,,ORG-0002
DUP-0262,CLI-0255,CLI-0803,0.84,address_drift_match,unreviewed,,ORG-0005
DUP-0263,CLI-0465,CLI-0811,0.84,phonetic_name_match,merged,2024-03-23,ORG-0005
DUP-0264,CLI-0465,CLI-0811,0.91,address_drift_match,confirmed_duplicate,2025-09-12,ORG-0008
DUP-0265,CLI-0159,CLI-0805,0.86,phone_only_match,unreviewed,,ORG-0005
DUP-0266,CLI-0094,CLI-0815,0.9,phonetic_name_match,confirmed_duplicate,2026-03-15,ORG-0001
DUP-0267,CLI-0476,CLI-0801,0.94,address_drift_match,not_duplicate,2023-11-05,ORG-0007
DUP-0268,CLI-0361,CLI-0829,0.86,exact_name_dob_match,not_duplicate,2024-09-22,ORG-0006
DUP-0269,CLI-0789,CLI-0834,0.79,phone_only_match,confirmed_duplicate,2023-05-01,ORG-0005
DUP-0270,CLI-0170,CLI-0814,0.9,phone_only_match,unreviewed,,ORG-0005
DUP-0271,CLI-0550,CLI-0837,0.79,alias_cross_ref,unreviewed,,ORG-0009
DUP-0272,CLI-0170,CLI-0814,0.91,phonetic_name_match,unreviewed,,ORG-0001
DUP-0273,CLI-0414,CLI-0820,0.95,address_drift_match,unreviewed,,ORG-0002
DUP-0274,CLI-0598,CLI-0808,0.86,alias_cross_ref,confirmed_duplicate,2023-11-08,ORG-0007
DUP-0275,CLI-0032,CLI-0823,0.77,phonetic_name_match,confirmed_duplicate,2025-02-20,ORG-0004
DUP-0276,CLI-0616,CLI-0840,0.83,phone_only_match,not_duplicate,2024-02-02,ORG-0004
DUP-0277,CLI-0183,CLI-0807,0.81,exact_name_dob_match,not_duplicate,2024-10-13,ORG-0003
DUP-0278,CLI-0542,CLI-0818,0.82,address_drift_match,unreviewed,,ORG-0005
DUP-0279,CLI-0655,CLI-0830,0.87,alias_cross_ref,confirmed_duplicate,2023-06-11,ORG-0009
DUP-0280,CLI-0414,CLI-0820,0.88,alias_cross_ref,unreviewed,,ORG-0004
DUP-0281,CLI-0714,CLI-0836,0.85,alias_cross_ref,unreviewed,,ORG-0008
DUP-0282,CLI-0032,CLI-0823,0.83,phonetic_name_match,unreviewed,,ORG-0003
DUP-0283,CLI-0357,CLI-0802,0.87,phone_only_match,confirmed_duplicate,2025-08-28,ORG-0001
DUP-0284,CLI-0757,CLI-0804,0.94,phonetic_name_match,unreviewed,,ORG-0008
DUP-0285,CLI-0598,CLI-0808,0.91,phone_only_match,unreviewed,,ORG-0003
DUP-0286,CLI-0170,CLI-0814,0.87,phonetic_name_match,confirmed_duplicate,2025-12-18,ORG-0009
DUP-0287,CLI-0616,CLI-0840,0.77,alias_cross_ref,unreviewed,,ORG-0005
DUP-0288,CLI-0183,CLI-0807,0.94,alias_cross_ref,unreviewed,,ORG-0008
DUP-0289,CLI-0550,CLI-0837,0.8,exact_name_dob_match,merged,2025-08-21,ORG-0003
DUP-0290,CLI-0789,CLI-0834,0.9,address_drift_match,unreviewed,,ORG-0009
DUP-0291,CLI-0465,CLI-0811,0.81,phone_only_match,unreviewed,,ORG-0005
DUP-0292,CLI-0714,CLI-0836,0.99,alias_cross_ref,unreviewed,,ORG-0007
DUP-0293,CLI-0714,CLI-0836,0.89,address_drift_match,confirmed_duplicate,2025-04-01,ORG-0007
DUP-0294,CLI-0474,CLI-0831,0.75,alias_cross_ref,confirmed_duplicate,2023-03-11,ORG-0009
DUP-0295,CLI-0183,CLI-0807,0.88,exact_name_dob_match,unreviewed,,ORG-0008
DUP-0296,CLI-0159,CLI-0805,0.89,exact_name_dob_match,confirmed_duplicate,2023-06-04,ORG-0008
DUP-0297,CLI-0573,CLI-0832,0.86,exact_name_dob_match,unreviewed,,ORG-0006
DUP-0298,CLI-0185,CLI-0822,0.76,address_drift_match,unreviewed,,ORG-0005
DUP-0299,CLI-0616,CLI-0840,0.95,exact_name_dob_match,unreviewed,,ORG-0006
DUP-0300,CLI-0032,CLI-0823,0.85,phonetic_name_match,confirmed_duplicate,2025-11-04,ORG-0009
DUP-0301,CLI-0200,CLI-0486,0.73,shared_address_but_different_person,not_duplicate,2024-08-15,ORG-0006
DUP-0302,CLI-0166,CLI-0017,0.69,same_first_name_only,not_duplicate,2024-06-27,ORG-0006
DUP-0303,CLI-0522,CLI-0087,0.65,shared_address_but_different_person,unreviewed,,ORG-0001
DUP-0304,CLI-0062,CLI-0814,0.63,same_first_name_only,not_duplicate,2024-01-10,ORG-0007
DUP-0305,CLI-0818,CLI-0772,0.75,shared_address_but_different_person,not_duplicate,2024-05-01,ORG-0001
DUP-0306,CLI-0158,CLI-0239,0.68,shared_address_but_different_person,unreviewed,,ORG-0008
DUP-0307,CLI-0006,CLI-0435,0.77,same_first_name_only,unreviewed,,ORG-0004
DUP-0308,CLI-0513,CLI-0692,0.57,loose_phonetic,unreviewed,,ORG-0004
DUP-0309,CLI-0800,CLI-0796,0.64,same_first_name_only,not_duplicate,2025-09-29,ORG-0005
DUP-0310,CLI-0041,CLI-0683,0.68,loose_phonetic,unreviewed,,ORG-0006
DUP-0311,CLI-0706,CLI-0799,0.7,same_first_name_only,unreviewed,,ORG-0007
DUP-0312,CLI-0147,CLI-0551,0.79,loose_phonetic,not_duplicate,2026-01-06,ORG-0003
DUP-0313,CLI-0795,CLI-0755,0.69,loose_phonetic,unreviewed,,ORG-0001
DUP-0314,CLI-0047,CLI-0681,0.77,shared_address_but_different_person,unreviewed,,ORG-0006
DUP-0315,CLI-0314,CLI-0365,0.61,same_first_name_only,unreviewed,,ORG-0002
DUP-0316,CLI-0481,CLI-0230,0.66,same_first_name_only,unreviewed,,ORG-0009
DUP-0317,CLI-0305,CLI-0756,0.59,loose_phonetic,unreviewed,,ORG-0009
DUP-0318,CLI-0512,CLI-0285,0.79,same_first_name_only,not_duplicate,2025-04-06,ORG-0002
DUP-0319,CLI-0205,CLI-0348,0.59,same_first_name_only,unreviewed,,ORG-0003
DUP-0320,CLI-0505,CLI-0820,0.65,family_member_overlap,confirmed_duplicate,2025-12-22,ORG-0004
DUP-0321,CLI-0327,CLI-0617,0.71,loose_phonetic,not_duplicate,2026-03-20,ORG-0005
DUP-0322,CLI-0418,CLI-0179,0.71,loose_phonetic,unreviewed,,ORG-0003
DUP-0323,CLI-0352,CLI-0131,0.77,loose_phonetic,unreviewed,,ORG-0004
DUP-0324,CLI-0741,CLI-0786,0.68,same_first_name_only,not_duplicate,2025-08-04,ORG-0004
DUP-0325,CLI-0118,CLI-0613,0.59,family_member_overlap,unreviewed,,ORG-0001
DUP-0326,CLI-0497,CLI-0781,0.71,loose_phonetic,unreviewed,,ORG-0005
DUP-0327,CLI-0393,CLI-0169,0.64,shared_address_but_different_person,unreviewed,,ORG-0002
DUP-0328,CLI-0157,CLI-0092,0.55,same_first_name_only,unreviewed,,ORG-0004
DUP-0329,CLI-0093,CLI-0292,0.76,shared_address_but_different_person,not_duplicate,2025-07-11,ORG-0007
DUP-0330,CLI-0016,CLI-0373,0.62,family_member_overlap,unreviewed,,ORG-0009
DUP-0331,CLI-0600,CLI-0718,0.68,same_first_name_only,not_duplicate,2024-03-24,ORG-0006
DUP-0332,CLI-0302,CLI-0501,0.69,shared_address_but_different_person,merged,2025-12-25,ORG-0006
DUP-0333,CLI-0464,CLI-0452,0.79,shared_address_but_different_person,not_duplicate,2024-04-27,ORG-0007
DUP-0334,CLI-0781,CLI-0428,0.56,same_first_name_only,not_duplicate,2025-01-03,ORG-0006
DUP-0335,CLI-0273,CLI-0529,0.74,loose_phonetic,unreviewed,,ORG-0007
DUP-0336,CLI-0444,CLI-0661,0.71,same_first_name_only,not_duplicate,2025-09-14,ORG-0009
DUP-0337,CLI-0009,CLI-0268,0.61,same_first_name_only,unreviewed,,ORG-0008
DUP-0338,CLI-0394,CLI-0010,0.7,loose_phonetic,not_duplicate,2024-07-15,ORG-0001
DUP-0339,CLI-0300,CLI-0060,0.73,family_member_overlap,merged,2025-10-31,ORG-0002
DUP-0340,CLI-0455,CLI-0266,0.63,shared_address_but_different_person,merged,2023-04-10,ORG-0003
DUP-0341,CLI-0444,CLI-0712,0.69,shared_address_but_different_person,unreviewed,,ORG-0002
DUP-0342,CLI-0742,CLI-0500,0.76,same_first_name_only,unreviewed,,ORG-0004
DUP-0343,CLI-0803,CLI-0764,0.73,shared_address_but_different_person,unreviewed,,ORG-0002
DUP-0344,CLI-0689,CLI-0455,0.55,loose_phonetic,unreviewed,,ORG-0001
DUP-0345,CLI-0465,CLI-0162,0.61,shared_address_but_different_person,not_duplicate,2025-11-25,ORG-0008
DUP-0346,CLI-0282,CLI-0631,0.57,same_first_name_only,not_duplicate,2025-07-21,ORG-0007
DUP-0347,CLI-0780,CLI-0213,0.62,same_first_name_only,unreviewed,,ORG-0005
DUP-0348,CLI-0559,CLI-0120,0.69,family_member_overlap,unreviewed,,ORG-0008
DUP-0349,CLI-0129,CLI-0340,0.65,loose_phonetic,unreviewed,,ORG-0001
DUP-0350,CLI-0405,CLI-0171,0.61,loose_phonetic,not_duplicate,2025-06-01,ORG-0004
DUP-0351,CLI-0798,CLI-0742,0.75,shared_address_but_different_person,unreviewed,,ORG-0005
DUP-0352,CLI-0363,CLI-0633,0.71,loose_phonetic,unreviewed,,ORG-0004
DUP-0353,CLI-0546,CLI-0691,0.58,loose_phonetic,unreviewed,,ORG-0002
DUP-0354,CLI-0135,CLI-0658,0.63,shared_address_but_different_person,not_duplicate,2023-11-21,ORG-0008
DUP-0355,CLI-0681,CLI-0180,0.55,loose_phonetic,not_duplicate,2023-08-22,ORG-0001
DUP-0356,CLI-0656,CLI-0801,0.79,loose_phonetic,unreviewed,,ORG-0001
DUP-0357,CLI-0263,CLI-0400,0.58,family_member_overlap,not_duplicate,2025-12-14,ORG-0009
DUP-0358,CLI-0497,CLI-0814,0.68,shared_address_but_different_person,unreviewed,,ORG-0006
DUP-0359,CLI-0597,CLI-0142,0.69,loose_phonetic,not_duplicate,2024-12-16,ORG-0007
DUP-0360,CLI-0747,CLI-0140,0.69,family_member_overlap,unreviewed,,ORG-0006
DUP-0361,CLI-0360,CLI-0767,0.78,shared_address_but_different_person,not_duplicate,2024-12-23,ORG-0008
DUP-0362,CLI-0840,CLI-0577,0.74,loose_phonetic,unreviewed,,ORG-0008
DUP-0363,CLI-0261,CLI-0450,0.61,loose_phonetic,unreviewed,,ORG-0008
DUP-0364,CLI-0208,CLI-0599,0.64,same_first_name_only,unreviewed,,ORG-0003
DUP-0365,CLI-0573,CLI-0242,0.55,shared_address_but_different_person,unreviewed,,ORG-0008
DUP-0366,CLI-0678,CLI-0341,0.69,family_member_overlap,unreviewed,,ORG-0001
DUP-0367,CLI-0780,CLI-0343,0.76,shared_address_but_different_person,merged,2026-03-23,ORG-0006
DUP-0368,CLI-0840,CLI-0107,0.6,family_member_overlap,not_duplicate,2024-03-24,ORG-0007
DUP-0369,CLI-0187,CLI-0092,0.68,shared_address_but_different_person,not_duplicate,2024-05-19,ORG-0006
DUP-0370,CLI-0348,CLI-0454,0.57,same_first_name_only,not_duplicate,2025-07-16,ORG-0006
DUP-0371,CLI-0311,CLI-0835,0.6,loose_phonetic,unreviewed,,ORG-0006
DUP-0372,CLI-0010,CLI-0490,0.59,loose_phonetic,unreviewed,,ORG-0002
DUP-0373,CLI-0238,CLI-0270,0.68,family_member_overlap,unreviewed,,ORG-0008
DUP-0374,CLI-0399,CLI-0722,0.56,family_member_overlap,unreviewed,,ORG-0002
DUP-0375,CLI-0267,CLI-0582,0.61,shared_address_but_different_person,not_duplicate,2023-06-30,ORG-0004
DUP-0376,CLI-0713,CLI-0821,0.63,loose_phonetic,unreviewed,,ORG-0008
DUP-0377,CLI-0835,CLI-0792,0.56,loose_phonetic,confirmed_duplicate,2025-07-02,ORG-0006
DUP-0378,CLI-0440,CLI-0334,0.67,same_first_name_only,not_duplicate,2024-05-24,ORG-0002
DUP-0379,CLI-0247,CLI-0792,0.71,loose_phonetic,confirmed_duplicate,2024-09-24,ORG-0003
DUP-0380,CLI-0449,CLI-0156,0.59,shared_address_but_different_person,unreviewed,,ORG-0006
DUP-0381,CLI-0006,CLI-0388,0.55,loose_phonetic,not_duplicate,2024-12-31,ORG-0009
DUP-0382,CLI-0820,CLI-0301,0.77,family_member_overlap,not_duplicate,2023-01-25,ORG-0005
DUP-0383,CLI-0283,CLI-0171,0.74,shared_address_but_different_person,unreviewed,,ORG-0003
DUP-0384,CLI-0811,CLI-0085,0.71,shared_address_but_different_person,merged,2023-05-15,ORG-0001
DUP-0385,CLI-0671,CLI-0325,0.63,shared_address_but_different_person,not_duplicate,2023-12-11,ORG-0008
DUP-0386,CLI-0723,CLI-0361,0.78,same_first_name_only,unreviewed,,ORG-0001
DUP-0387,CLI-0582,CLI-0591,0.73,loose_phonetic,merged,2025-09-10,ORG-0003
DUP-0388,CLI-0339,CLI-0529,0.62,shared_address_but_different_person,unreviewed,,ORG-0006
DUP-0389,CLI-0244,CLI-0086,0.63,shared_address_but_different_person,unreviewed,,ORG-0005
DUP-0390,CLI-0813,CLI-0337,0.65,same_first_name_only,not_duplicate,2025-04-29,ORG-0002
DUP-0391,CLI-0681,CLI-0068,0.68,family_member_overlap,unreviewed,,ORG-0006
DUP-0392,CLI-0013,CLI-0823,0.68,loose_phonetic,unreviewed,,ORG-0002
DUP-0393,CLI-0818,CLI-0242,0.73,loose_phonetic,unreviewed,,ORG-0003
DUP-0394,CLI-0207,CLI-0664,0.66,same_first_name_only,not_duplicate,2023-03-13,ORG-0002
DUP-0395,CLI-0218,CLI-0260,0.55,shared_address_but_different_person,unreviewed,,ORG-0009
DUP-0396,CLI-0031,CLI-0268,0.69,family_member_overlap,unreviewed,,ORG-0003
DUP-0397,CLI-0543,CLI-0354,0.57,same_first_name_only,unreviewed,,ORG-0007
DUP-0398,CLI-0370,CLI-0018,0.68,loose_phonetic,unreviewed,,ORG-0007
DUP-0399,CLI-0422,CLI-0769,0.58,loose_phonetic,not_duplicate,2025-10-12,ORG-0005
DUP-0400,CLI-0044,CLI-0684,0.69,loose_phonetic,unreviewed,,ORG-0002
DUP-0401,CLI-0527,CLI-0357,0.8,shared_address_but_different_person,not_duplicate,2023-02-15,ORG-0006
DUP-0402,CLI-0590,CLI-0649,0.69,family_member_overlap,unreviewed,,ORG-0007
DUP-0403,CLI-0707,CLI-0488,0.71,loose_phonetic,not_duplicate,2023-08-01,ORG-0007
DUP-0404,CLI-0081,CLI-0180,0.67,family_member_overlap,not_duplicate,2025-09-19,ORG-0007
DUP-0405,CLI-0103,CLI-0061,0.56,loose_phonetic,unreviewed,,ORG-0009
DUP-0406,CLI-0763,CLI-0267,0.75,family_member_overlap,unreviewed,,ORG-0005
DUP-0407,CLI-0083,CLI-0653,0.77,same_first_name_only,unreviewed,,ORG-0001
DUP-0408,CLI-0576,CLI-0599,0.68,shared_address_but_different_person,not_duplicate,2025-09-24,ORG-0001
DUP-0409,CLI-0689,CLI-0076,0.74,loose_phonetic,unreviewed,,ORG-0009
DUP-0410,CLI-0650,CLI-0271,0.75,same_first_name_only,confirmed_duplicate,2024-11-10,ORG-0002
DUP-0411,CLI-0666,CLI-0037,0.58,loose_phonetic,not_duplicate,2025-04-14,ORG-0004
DUP-0412,CLI-0197,CLI-0265,0.55,shared_address_but_different_person,not_duplicate,2026-01-06,ORG-0009
DUP-0413,CLI-0813,CLI-0544,0.78,shared_address_but_different_person,unreviewed,,ORG-0005
DUP-0414,CLI-0228,CLI-0083,0.56,same_first_name_only,unreviewed,,ORG-0001
DUP-0415,CLI-0099,CLI-0819,0.73,shared_address_but_different_person,unreviewed,,ORG-0006
DUP-0416,CLI-0098,CLI-0365,0.7,loose_phonetic,not_duplicate,2024-08-19,ORG-0004
DUP-0417,CLI-0619,CLI-0811,0.73,same_first_name_only,unreviewed,,ORG-0001
DUP-0418,CLI-0456,CLI-0056,0.6,loose_phonetic,unreviewed,,ORG-0002
DUP-0419,CLI-0453,CLI-0117,0.63,family_member_overlap,unreviewed,,ORG-0007
DUP-0420,CLI-0285,CLI-0478,0.62,family_member_overlap,unreviewed,,ORG-0007
DUP-0421,CLI-0797,CLI-0723,0.55,family_member_overlap,merged,2023-08-29,ORG-0001
DUP-0422,CLI-0641,CLI-0797,0.58,family_member_overlap,not_duplicate,2024-03-27,ORG-0008
DUP-0423,CLI-0389,CLI-0009,0.74,loose_phonetic,not_duplicate,2024-04-27,ORG-0005
DUP-0424,CLI-0713,CLI-0786,0.8,same_first_name_only,unreviewed,,ORG-0002
DUP-0425,CLI-0832,CLI-0044,0.63,shared_address_but_different_person,not_duplicate,2025-04-01,ORG-0001
DUP-0426,CLI-0557,CLI-0523,0.62,shared_address_but_different_person,unreviewed,,ORG-0006
DUP-0427,CLI-0493,CLI-0176,0.57,same_first_name_only,unreviewed,,ORG-0002
DUP-0428,CLI-0061,CLI-0564,0.66,shared_address_but_different_person,not_duplicate,2026-03-09,ORG-0004
DUP-0429,CLI-0234,CLI-0722,0.6,family_member_overlap,not_duplicate,2024-06-18,ORG-0003
DUP-0430,CLI-0172,CLI-0152,0.67,family_member_overlap,unreviewed,,ORG-0008
DUP-0431,CLI-0219,CLI-0531,0.69,family_member_overlap,not_duplicate,2023-09-20,ORG-0003
DUP-0432,CLI-0759,CLI-0096,0.62,loose_phonetic,unreviewed,,ORG-0009
DUP-0433,CLI-0026,CLI-0588,0.73,family_member_overlap,unreviewed,,ORG-0009
DUP-0434,CLI-0448,CLI-0009,0.71,shared_address_but_different_person,unreviewed,,ORG-0002
DUP-0435,CLI-0112,CLI-0631,0.75,family_member_overlap,not_duplicate,2026-04-13,ORG-0008
DUP-0436,CLI-0247,CLI-0519,0.78,loose_phonetic,merged,2024-02-08,ORG-0006
DUP-0437,CLI-0462,CLI-0392,0.61,loose_phonetic,confirmed_duplicate,2023-03-30,ORG-0009
DUP-0438,CLI-0521,CLI-0780,0.57,family_member_overlap,unreviewed,,ORG-0004
DUP-0439,CLI-0037,CLI-0296,0.72,same_first_name_only,not_duplicate,2024-03-17,ORG-0002
DUP-0440,CLI-0322,CLI-0544,0.8,family_member_overlap,not_duplicate,2023-12-20,ORG-0009
DUP-0441,CLI-0796,CLI-0814,0.56,shared_address_but_different_person,not_duplicate,2026-03-04,ORG-0007
DUP-0442,CLI-0816,CLI-0256,0.74,same_first_name_only,not_duplicate,2023-03-07,ORG-0004
DUP-0443,CLI-0544,CLI-0083,0.59,loose_phonetic,unreviewed,,ORG-0001
DUP-0444,CLI-0144,CLI-0489,0.62,loose_phonetic,unreviewed,,ORG-0006
DUP-0445,CLI-0219,CLI-0667,0.64,loose_phonetic,unreviewed,,ORG-0006
DUP-0446,CLI-0275,CLI-0707,0.71,same_first_name_only,unreviewed,,ORG-0002
DUP-0447,CLI-0671,CLI-0223,0.69,loose_phonetic,not_duplicate,2025-10-09,ORG-0008
DUP-0448,CLI-0743,CLI-0070,0.68,same_first_name_only,unreviewed,,ORG-0008
DUP-0449,CLI-0464,CLI-0074,0.61,loose_phonetic,unreviewed,,ORG-0008
DUP-0450,CLI-0560,CLI-0457,0.57,shared_address_but_different_person,not_duplicate,2023-11-05,ORG-0002
DUP-0451,CLI-0376,CLI-0328,0.76,shared_address_but_different_person,unreviewed,,ORG-0008
DUP-0452,CLI-0205,CLI-0629,0.6,shared_address_but_different_person,not_duplicate,2023-02-18,ORG-0004
DUP-0453,CLI-0456,CLI-0471,0.66,loose_phonetic,unreviewed,,ORG-0005
DUP-0454,CLI-0678,CLI-0684,0.55,family_member_overlap,unreviewed,,ORG-0008
DUP-0455,CLI-0111,CLI-0833,0.66,loose_phonetic,not_duplicate,2025-08-09,ORG-0003
DUP-0456,CLI-0189,CLI-0438,0.59,family_member_overlap,not_duplicate,2026-01-05,ORG-0008
DUP-0457,CLI-0788,CLI-0625,0.58,family_member_overlap,not_duplicate,2024-05-09,ORG-0005
DUP-0458,CLI-0407,CLI-0460,0.57,same_first_name_only,not_duplicate,2024-07-26,ORG-0003
DUP-0459,CLI-0815,CLI-0548,0.58,same_first_name_only,not_duplicate,2025-05-29,ORG-0002
DUP-0460,CLI-0251,CLI-0425,0.78,family_member_overlap,not_duplicate,2023-10-12,ORG-0005
DUP-0461,CLI-0022,CLI-0731,0.79,family_member_overlap,unreviewed,,ORG-0004
DUP-0462,CLI-0403,CLI-0097,0.72,shared_address_but_different_person,not_duplicate,2025-02-25,ORG-0006
DUP-0463,CLI-0402,CLI-0590,0.73,shared_address_but_different_person,unreviewed,,ORG-0001
DUP-0464,CLI-0218,CLI-0336,0.56,family_member_overlap,not_duplicate,2023-07-27,ORG-0004
DUP-0465,CLI-0394,CLI-0161,0.75,family_member_overlap,unreviewed,,ORG-0007
DUP-0466,CLI-0502,CLI-0617,0.7,shared_address_but_different_person,unreviewed,,ORG-0003
DUP-0467,CLI-0659,CLI-0587,0.79,shared_address_but_different_person,confirmed_duplicate,2025-01-24,ORG-0004
DUP-0468,CLI-0594,CLI-0710,0.76,shared_address_but_different_person,unreviewed,,ORG-0008
DUP-0469,CLI-0665,CLI-0191,0.78,shared_address_but_different_person,unreviewed,,ORG-0001
DUP-0470,CLI-0400,CLI-0464,0.77,same_first_name_only,confirmed_duplicate,2026-04-02,ORG-0006
DUP-0471,CLI-0296,CLI-0628,0.59,family_member_overlap,not_duplicate,2025-12-23,ORG-0001
DUP-0472,CLI-0553,CLI-0292,0.78,loose_phonetic,unreviewed,,ORG-0004
DUP-0473,CLI-0105,CLI-0470,0.73,loose_phonetic,not_duplicate,2024-03-22,ORG-0005
DUP-0474,CLI-0643,CLI-0011,0.64,family_member_overlap,not_duplicate,2024-06-24,ORG-0004
DUP-0475,CLI-0296,CLI-0104,0.57,loose_phonetic,unreviewed,,ORG-0006
DUP-0476,CLI-0335,CLI-0666,0.79,shared_address_but_different_person,unreviewed,,ORG-0002
DUP-0477,CLI-0670,CLI-0609,0.74,shared_address_but_different_person,not_duplicate,2023-10-04,ORG-0008
DUP-0478,CLI-0547,CLI-0421,0.66,loose_phonetic,unreviewed,,ORG-0003
DUP-0479,CLI-0220,CLI-0742,0.69,loose_phonetic,not_duplicate,2024-08-07,ORG-0004
DUP-0480,CLI-0587,CLI-0571,0.59,loose_phonetic,unreviewed,,ORG-0004
DUP-0481,CLI-0387,CLI-0221,0.79,loose_phonetic,unreviewed,,ORG-0009
DUP-0482,CLI-0453,CLI-0790,0.56,loose_phonetic,not_duplicate,2026-03-10,ORG-0002
DUP-0483,CLI-0074,CLI-0174,0.63,loose_phonetic,not_duplicate,2024-07-31,ORG-0002
DUP-0484,CLI-0795,CLI-0067,0.58,loose_phonetic,unreviewed,,ORG-0005
DUP-0485,CLI-0415,CLI-0614,0.66,shared_address_but_different_person,unreviewed,,ORG-0005
DUP-0486,CLI-0592,CLI-0259,0.7,loose_phonetic,unreviewed,,ORG-0007
DUP-0487,CLI-0677,CLI-0243,0.58,loose_phonetic,not_duplicate,2023-04-22,ORG-0008
DUP-0488,CLI-0522,CLI-0251,0.55,loose_phonetic,confirmed_duplicate,2026-02-26,ORG-0009
DUP-0489,CLI-0302,CLI-0066,0.63,same_first_name_only,not_duplicate,2024-12-13,ORG-0004
DUP-0490,CLI-0671,CLI-0270,0.8,loose_phonetic,unreviewed,,ORG-0001
DUP-0491,CLI-0586,CLI-0782,0.64,loose_phonetic,unreviewed,,ORG-0005
DUP-0492,CLI-0211,CLI-0628,0.56,loose_phonetic,unreviewed,,ORG-0009
DUP-0493,CLI-0175,CLI-0053,0.62,same_first_name_only,unreviewed,,ORG-0002
DUP-0494,CLI-0416,CLI-0103,0.64,loose_phonetic,unreviewed,,ORG-0007
DUP-0495,CLI-0341,CLI-0584,0.75,shared_address_but_different_person,not_duplicate,2023-04-22,ORG-0004
DUP-0496,CLI-0752,CLI-0821,0.68,same_first_name_only,confirmed_duplicate,2024-10-09,ORG-0003
DUP-0497,CLI-0806,CLI-0047,0.68,same_first_name_only,unreviewed,,ORG-0004
DUP-0498,CLI-0378,CLI-0642,0.61,same_first_name_only,merged,2023-05-30,ORG-0003
DUP-0499,CLI-0488,CLI-0356,0.73,same_first_name_only,unreviewed,,ORG-0007
DUP-0500,CLI-0160,CLI-0809,0.75,family_member_overlap,unreviewed,,ORG-0008
